Workbook

Sheet Giro Ideal
A1: INFORMATIVO | H1: ESTOQUE FAB | Z1: SUGESTÃO DE REESTOQUE (OPUS) | AO1: SUGESTÃO DE ESTOQUE (OPUS)
A2: PN | B2: Discrepancia | C2: CFF | D2: NOMECLATURA | E2: QPA | F2: PREÇO | G2: TIPO | H2: QTD TOTAL DE CADA PN (FAB) | K2: PAMALS | L2: BABE | M2: BABR | N2: BACG | O2: BAMN | P2: BANT | Q2: BACI | R2: BABV | S2: BAPV | T2: CLA | U2: BASM | V2: DACTAII | W2: EEAR | X2: EPCAR | Z2: PAMALS | AA2: BABE | AB2: BABR | AC2: BACG | AD2: BAMN | AE2: BANT | AF2: BACI | AG2: BABV | AH2: BAPV | AI2: CLA | AJ2: BASM | AK2: DACTAII | AL2: EEAR | AM2: EPCAR | AO2: QTD TOTAL DE CADA PN (SUGESTÃO OPUS) | AP2: PAMALS | AQ2: BABE | AR2: BABR | AS2: BACG | AT2: BAMN | AU2: BANT | AV2: BACI | AW2: BABV | AX2: BAPV | AY2: CLA | AZ2: BASM | BA2: DACTAII | BB2: EEAR | BC2: EPCAR
A3: 453-5000-710 | C3: 18560 | D3: EMERGENCY LOCATOR TRANSMITTER | E3: 1 | F3: 1065.31 | G3: REPARÁVEL | H3: 1 | K3: 1 | L3: 0 | M3: 0 | N3: 0 | O3: 0 | P3: 0 | Q3: 0 | R3: 0 | S3: 0 | T3: 0 | U3: 0 | V3: 0 | W3: 0 | X3: 0 | AD3: 1 | AG3: - | AH3: - | AI3: - | AJ3: - | AK3: - | AL3: - | AM3: - | AO3: 10 | AP3: 1 | AQ3: 2 | AR3: 1 | AS3: 1 | AT3: 2 | AU3: 1 | AV3: 2 | AW3: - | AX3: - | AY3: - | AZ3: - | BA3: - | BB3: - | BC3: -
A4: 2622083-18 | D4: GUINHOL DO FLAPE | E4: 1 | F4: 1035.2 | G4: REPARÁVEL | H4: 8 | K4: 6 | L4: 0 | M4: 0 | N4: 0 | O4: 1 | P4: 0 | Q4: 0 | R4: 0 | S4: 0 | T4: 0 | U4: 1 | V4: 0 | W4: 0 | X4: 0 | Z4: 1 | AA4: 1 | AB4: 1 | AC4: 1 | AD4: 2 | AE4: 1 | AF4: 1 | AG4: - | AH4: - | AI4: - | AJ4: - | AK4: - | AL4: - | AM4: - | AO4: 8 | AP4: 1 | AQ4: 1 | AR4: 1 | AS4: 1 | AT4: 2 | AU4: 1 | AV4: 1 | AW4: - | AX4: - | AY4: - | AZ4: - | BA4: - | BB4: - | BC4: -
A5: 2613440-1 | D5: HASTE DIANT. COMANDO DO PROFUNDOR | E5: 1 | F5: 858.78 | G5: REPARÁVEL | H5: 2 | K5: 1 | L5: 1 | M5: 0 | N5: 0 | O5: 0 | P5: 0 | Q5: 0 | R5: 0 | S5: 0 | T5: 0 | U5: 0 | V5: 0 | W5: 0 | X5: 0 | AD5: 1 | AF5: 1 | AG5: - | AH5: - | AI5: - | AJ5: - | AK5: - | AL5: - | AM5: - | AO5: 2 | AT5: 1 | AV5: 1 | AW5: - | AX5: - | AY5: - | AZ5: - | BA5: - | BB5: - | BC5: -
A6: 9514A-1 | D6: BOMBA DE CIRCULAÇÃO DO TKS | E6: 2 | F6: 12095.62 | G6: REPARÁVEL | H6: 0 | K6: 0 | L6: 0 | M6: 0 | N6: 0 | O6: 0 | P6: 0 | Q6: 0 | R6: 0 | S6: 0 | T6: 0 | U6: 0 | V6: 0 | W6: 0 | X6: 0 | AG6: - | AH6: - | AI6: - | AJ6: - | AK6: - | AL6: - | AM6: - | AO6: 0 | AW6: - | AX6: - | AY6: - | AZ6: - | BA6: - | BB6: - | BC6: -
A7: 2641014-1 | D7: MOLA CENTRAL TREM DE POUSO PRINCIPAL | E7: 1 | F7: 6539.14 | G7: REPARÁVEL | H7: 4 | K7: 4 | L7: 0 | M7: 0 | N7: 0 | O7: 0 | P7: 0 | Q7: 0 | R7: 0 | S7: 0 | T7: 0 | U7: 0 | V7: 0 | W7: 0 | X7: 0 | AA7: 1 | AD7: 1 | AE7: 1 | AF7: 1 | AG7: - | AH7: - | AI7: - | AJ7: - | AK7: - | AL7: - | AM7: - | AO7: 4 | AQ7: 1 | AT7: 1 | AU7: 1 | AV7: 1 | AW7: - | AX7: - | AY7: - | AZ7: - | BA7: - | BB7: - | BC7: -
A8: 2641012-1 | D8: TRUNNION LH | E8: 1 | F8: 1864.06 | G8: REPARÁVEL | H8: 13 | K8: 9 | L8: 0 | M8: 0 | N8: 0 | O8: 0 | P8: 1 | Q8: 0 | R8: 0 | S8: 0 | T8: 2 | U8: 0 | V8: 1 | W8: 0 | X8: 0 | Z8: 1 | AA8: 2 | AB8: 2 | AC8: 2 | AD8: 2 | AE8: 2 | AF8: 2 | AG8: - | AH8: - | AI8: - | AJ8: - | AK8: - | AL8: - | AM8: - | AO8: 13 | AP8: 1 | AQ8: 2 | AR8: 2 | AS8: 2 | AT8: 2 | AU8: 2 | AV8: 2 | AW8: - | AX8: - | AY8: - | AZ8: - | BA8: - | BB8: - | BC8: -
A9: 2641012-2 | D9: TRUNNION RH | E9: 1 | F9: 2084.42 | G9: REPARÁVEL | H9: 7 | K9: 6 | L9: 0 | M9: 0 | N9: 0 | O9: 0 | P9: 0 | Q9: 0 | R9: 0 | S9: 0 | T9: 0 | U9: 0 | V9: 0 | W9: 1 | X9: 0 | Z9: 1 | AA9: 1 | AB9: 1 | AC9: 1 | AD9: 1 | AE9: 1 | AF9: 1 | AG9: - | AH9: - | AI9: - | AJ9: - | AK9: - | AL9: - | AM9: - | AO9: 7 | AP9: 1 | AQ9: 1 | AR9: 1 | AS9: 1 | AT9: 1 | AU9: 1 | AV9: 1 | AW9: - | AX9: - | AY9: - | AZ9: - | BA9: - | BB9: - | BC9: -
A10: 2641013-1 | D10: MOLA TREM DE POUSO PRINCIPAL | E10: 1 | F10: 3133.82 | G10: REPARÁVEL | H10: 8 | K10: 8 | L10: 0 | M10: 0 | N10: 0 | O10: 0 | P10: 0 | Q10: 0 | R10: 0 | S10: 0 | T10: 0 | U10: 0 | V10: 0 | W10: 0 | X10: 0 | Z10: 1 | AA10: 1 | AB10: 1 | AC10: 1 | AD10: 2 | AE10: 1 | AF10: 1 | AG10: - | AH10: - | AI10: - | AJ10: - | AK10: - | AL10: - | AM10: - | AO10: 8 | AP10: 1 | AQ10: 1 | AR10: 1 | AS10: 1 | AT10: 2 | AU10: 1 | AV10: 1 | AW10: - | AX10: - | AY10: - | AZ10: - | BA10: - | BB10: - | BC10: -
A11: 2641008-1 | D11: PINO FIXAÇÃO TREM DE POUSO PRINCIPAL | E11: 1 | F11: 270.71 | G11: REPARÁVEL | H11: 16 | K11: 16 | L11: 0 | M11: 0 | N11: 0 | O11: 0 | P11: 0 | Q11: 0 | R11: 0 | S11: 0 | T11: 0 | U11: 0 | V11: 0 | W11: 0 | X11: 0 | Z11: 2 | AA11: 2 | AB11: 2 | AC11: 2 | AD11: 3 | AE11: 2 | AF11: 3 | AG11: - | AH11: - | AI11: - | AJ11: - | AK11: - | AL11: - | AM11: - | AO11: 16 | AP11: 2 | AQ11: 2 | AR11: 2 | AS11: 2 | AT11: 3 | AU11: 2 | AV11: 3 | AW11: - | AX11: - | AY11: - | AZ11: - | BA11: - | BB11: - | BC11: -
A12: 2641011-1 | C12: 7EK50 | D12: EIXO DO TREM DE POUSO PRINCIPAL | E12: 1 | F12: 1000.69 | G12: REPARÁVEL | H12: 6 | K12: 3 | L12: 0 | M12: 0 | N12: 0 | O12: 0 | P12: 1 | Q12: 0 | R12: 0 | S12: 2 | T12: 0 | U12: 0 | V12: 0 | W12: 0 | X12: 0 | AA12: 1 | AB12: 1 | AC12: 1 | AD12: 1 | AE12: 1 | AF12: 1 | AG12: - | AH12: - | AI12: - | AJ12: - | AK12: - | AL12: - | AM12: - | AO12: 7 | AP12: 1 | AQ12: 1 | AR12: 1 | AS12: 1 | AT12: 1 | AU12: 1 | AV12: 1 | AW12: - | AX12: - | AY12: - | AZ12: - | BA12: - | BB12: - | BC12: -
A13: 2641010-1 | D13: SUPORTE DO EIXO DE TREM DE POUSO PRINCIPAL | E13: 1 | F13: 825.08 | G13: REPARÁVEL | H13: 20 | K13: 18 | L13: 0 | M13: 0 | N13: 0 | O13: 0 | P13: 0 | Q13: 0 | R13: 0 | S13: 2 | T13: 0 | U13: 0 | V13: 0 | W13: 0 | X13: 0 | Z13: 2 | AA13: 3 | AB13: 3 | AC13: 2 | AD13: 4 | AE13: 3 | AF13: 3 | AG13: - | AH13: - | AI13: - | AJ13: - | AK13: - | AL13: - | AM13: - | AO13: 20 | AP13: 2 | AQ13: 3 | AR13: 3 | AS13: 2 | AT13: 4 | AU13: 3 | AV13: 3 | AW13: - | AX13: - | AY13: - | AZ13: - | BA13: - | BB13: - | BC13: -
A14: 2643062-1 | D14: MOLA DE TREM DE POUSO AUXILIAR | E14: 1 | F14: 2495.05 | G14: REPARÁVEL | H14: 8 | K14: 6 | L14: 0 | M14: 0 | N14: 0 | O14: 0 | P14: 0 | Q14: 0 | R14: 1 | S14: 0 | T14: 1 | U14: 0 | V14: 0 | W14: 0 | X14: 0 | Z14: 1 | AA14: 1 | AB14: 1 | AC14: 1 | AD14: 2 | AE14: 1 | AF14: 1 | AG14: - | AH14: - | AI14: - | AJ14: - | AK14: - | AL14: - | AM14: - | AO14: 8 | AP14: 1 | AQ14: 1 | AR14: 1 | AS14: 1 | AT14: 2 | AU14: 1 | AV14: 1 | AW14: - | AX14: - | AY14: - | AZ14: - | BA14: - | BB14: - | BC14: -
A15: 2643045-1 | B15: 2643045-202 | C15: 7EK50 | D15: TREM DE POUSO AUXILIAR | E15: 1 | F15: 39536.05 | G15: REPARÁVEL | H15: 0 | K15: 0 | L15: 0 | M15: 0 | N15: 0 | O15: 0 | P15: 0 | Q15: 0 | R15: 0 | S15: 0 | T15: 0 | U15: 0 | V15: 0 | W15: 0 | X15: 0 | AG15: - | AH15: - | AI15: - | AJ15: - | AK15: - | AL15: - | AM15: - | AO15: 1 | AT15: 1 | AW15: - | AX15: - | AY15: - | AZ15: - | BA15: - | BB15: - | BC15: -
A16: 2643030-1 | D16: SUPORTE DA MOLA DO TREM DE POUSO AUXILIAR | E16: 1 | F16: 958.28 | G16: REPARÁVEL | H16: 9 | K16: 3 | L16: 0 | M16: 1 | N16: 1 | O16: 0 | P16: 2 | Q16: 0 | R16: 1 | S16: 0 | T16: 0 | U16: 1 | V16: 0 | W16: 0 | X16: 0 | Z16: 1 | AA16: 1 | AB16: 1 | AC16: 1 | AD16: 2 | AE16: 1 | AF16: 2 | AG16: - | AH16: - | AI16: - | AJ16: - | AK16: - | AL16: - | AM16: - | AO16: 9 | AP16: 1 | AQ16: 1 | AR16: 1 | AS16: 1 | AT16: 2 | AU16: 1 | AV16: 2 | AW16: - | AX16: - | AY16: - | AZ16: - | BA16: - | BB16: - | BC16: -
A17: 2643031-1 | D17: GARFO DA MOLA DO TREM DE POUSO AUXILIAR | E17: 1 | F17: 831.34 | G17: REPARÁVEL | H17: 4 | K17: 4 | L17: 0 | M17: 0 | N17: 0 | O17: 0 | P17: 0 | Q17: 0 | R17: 0 | S17: 0 | T17: 0 | U17: 0 | V17: 0 | W17: 0 | X17: 0 | AA17: 1 | AD17: 1 | AE17: 1 | AF17: 1 | AG17: - | AH17: - | AI17: - | AJ17: - | AK17: - | AL17: - | AM17: - | AO17: 4 | AQ17: 1 | AT17: 1 | AU17: 1 | AV17: 1 | AW17: - | AX17: - | AY17: - | AZ17: - | BA17: - | BB17: - | BC17: -
A18: 162-11800 | C18: 33269 | D18: SEMI-CUBO EXTERNO PRINCIPAL | E18: 2 | F18: 526.97 | G18: REPARÁVEL | H18: 7 | K18: 3 | L18: 0 | M18: 0 | N18: 0 | O18: 0 | P18: 0 | Q18: 0 | R18: 0 | S18: 2 | T18: 1 | U18: 0 | V18: 1 | W18: 0 | X18: 0 | Z18: 1 | AA18: 1 | AB18: 1 | AC18: 1 | AD18: 1 | AE18: 1 | AF18: 1 | AG18: - | AH18: - | AI18: - | AJ18: - | AK18: - | AL18: - | AM18: - | AO18: 8 | AP18: 1 | AQ18: 1 | AR18: 1 | AS18: 1 | AT18: 2 | AU18: 1 | AV18: 1 | AW18: - | AX18: - | AY18: - | AZ18: - | BA18: - | BB18: - | BC18: -
A19: 161-12800 | D19: SEMI-CUBO INTERNO PRINCIPAL | E19: 2 | F19: 485.68 | G19: REPARÁVEL | H19: 10 | K19: 3 | L19: 0 | M19: 0 | N19: 0 | O19: 2 | P19: 0 | Q19: 0 | R19: 0 | S19: 2 | T19: 1 | U19: 1 | V19: 1 | W19: 0 | X19: 0 | Z19: 1 | AA19: 2 | AB19: 1 | AC19: 1 | AD19: 2 | AE19: 1 | AF19: 2 | AG19: - | AH19: - | AI19: - | AJ19: - | AK19: - | AL19: - | AM19: - | AO19: 10 | AP19: 1 | AQ19: 2 | AR19: 1 | AS19: 1 | AT19: 2 | AU19: 1 | AV19: 2 | AW19: - | AX19: - | AY19: - | AZ19: - | BA19: - | BB19: - | BC19: -
A20: 161-117-00 | C20: 7EK50 | D20: SEMI-CUBO EXTERNO NARIZ | E20: 1 | F20: 1569.44 | G20: REPARÁVEL | H20: 0 | K20: 0 | L20: 0 | M20: 0 | N20: 0 | O20: 0 | P20: 0 | Q20: 0 | R20: 0 | S20: 0 | T20: 0 | U20: 0 | V20: 0 | W20: 0 | X20: 0 | AG20: - | AH20: - | AI20: - | AJ20: - | AK20: - | AL20: - | AM20: - | AO20: 7 | AP20: 1 | AQ20: 1 | AR20: 1 | AS20: 1 | AT20: 1 | AU20: 1 | AV20: 1 | AW20: - | AX20: - | AY20: - | AZ20: - | BA20: - | BB20: - | BC20: -
A21: 162-107-00 | C21: 7EK50 | D21: SEMI-CUBO INTERNO NARIZ | E21: 1 | F21: 1569.44 | G21: REPARÁVEL | H21: 0 | K21: 0 | L21: 0 | M21: 0 | N21: 0 | O21: 0 | P21: 0 | Q21: 0 | R21: 0 | S21: 0 | T21: 0 | U21: 0 | V21: 0 | W21: 0 | X21: 0 | AG21: - | AH21: - | AI21: - | AJ21: - | AK21: - | AL21: - | AM21: - | AO21: 7 | AP21: 1 | AQ21: 1 | AR21: 1 | AS21: 1 | AT21: 1 | AU21: 1 | AV21: 1 | AW21: - | AX21: - | AY21: - | AZ21: - | BA21: - | BB21: - | BC21: -
A22: C482001-0402 | C22: 7EK50 | D22: VÁLVULA DE ALÍVIO DE VÁCUO | E22: 1 | F22: 1005.81 | G22: REPARÁVEL | H22: 3 | K22: 2 | L22: 0 | M22: 0 | N22: 0 | O22: 1 | P22: 0 | Q22: 0 | R22: 0 | S22: 0 | T22: 0 | U22: 0 | V22: 0 | W22: 0 | X22: 0 | AA22: 1 | AB22: 1 | AE22: 1 | AG22: - | AH22: - | AI22: - | AJ22: - | AK22: - | AL22: - | AM22: - | AO22: 7 | AP22: 1 | AQ22: 1 | AR22: 1 | AS22: 1 | AT22: 1 | AU22: 1 | AV22: 1 | AW22: - | AX22: - | AY22: - | AZ22: - | BA22: - | BB22: - | BC22: -
A23: A210507 | D23: GOVERNADOR DE SOBREVELOCIDADE | E23: 1 | F23: 3128.59 | G23: REPARÁVEL | H23: 9 | K23: 9 | L23: 0 | M23: 0 | N23: 0 | O23: 0 | P23: 0 | Q23: 0 | R23: 0 | S23: 0 | T23: 0 | U23: 0 | V23: 0 | W23: 0 | X23: 0 | Z23: 1 | AA23: 1 | AB23: 1 | AC23: 1 | AD23: 2 | AE23: 1 | AF23: 2 | AG23: - | AH23: - | AI23: - | AJ23: - | AK23: - | AL23: - | AM23: - | AO23: 9 | AP23: 1 | AQ23: 1 | AR23: 1 | AS23: 1 | AT23: 2 | AU23: 1 | AV23: 2 | AW23: - | AX23: - | AY23: - | AZ23: - | BA23: - | BB23: - | BC23: -
A24: 2651022-1 | C24: 7EK50 | D24: ANEL DO BERÇO DO MONTANTE | E24: 1 | F24: 6062.85 | G24: REPARÁVEL | H24: 3 | K24: 3 | L24: 0 | M24: 0 | N24: 0 | O24: 0 | P24: 0 | Q24: 0 | R24: 0 | S24: 0 | T24: 0 | U24: 0 | V24: 0 | W24: 0 | X24: 0 | AA24: 1 | AD24: 1 | AF24: 1 | AG24: - | AH24: - | AI24: - | AJ24: - | AK24: - | AL24: - | AM24: - | AO24: 6 | AQ24: 1 | AR24: 1 | AS24: 1 | AT24: 1 | AU24: 1 | AV24: 1 | AW24: - | AX24: - | AY24: - | AZ24: - | BA24: - | BB24: - | BC24: -
A25: 2651023-1 | C25: 7EK50 | D25: BERÇO DO MOTOR | E25: 1 | F25: 5469.37 | G25: REPARÁVEL | H25: 1 | K25: 1 | L25: 0 | M25: 0 | N25: 0 | O25: 0 | P25: 0 | Q25: 0 | R25: 0 | S25: 0 | T25: 0 | U25: 0 | V25: 0 | W25: 0 | X25: 0 | AD25: 1 | AG25: - | AH25: - | AI25: - | AJ25: - | AK25: - | AL25: - | AM25: - | AO25: 6 | AQ25: 1 | AR25: 1 | AS25: 1 | AT25: 1 | AU25: 1 | AV25: 1 | AW25: - | AX25: - | AY25: - | AZ25: - | BA25: - | BB25: - | BC25: -
A26: EMU-A-010-3 | D26: PROCESSADOR SISTEMA ADAS+ | E26: 1 | F26: 17500 | G26: REPARÁVEL | H26: 36 | K26: 35 | L26: 1 | M26: 0 | N26: 0 | O26: 0 | P26: 0 | Q26: 0 | R26: 0 | S26: 0 | T26: 0 | U26: 0 | V26: 0 | W26: 0 | X26: 0 | Z26: 4 | AA26: 4 | AB26: 4 | AC26: 4 | AD26: 10 | AE26: 4 | AF26: 6 | AG26: - | AH26: - | AI26: - | AJ26: - | AK26: - | AL26: - | AM26: - | AO26: 36 | AP26: 4 | AQ26: 4 | AR26: 4 | AS26: 4 | AT26: 10 | AU26: 4 | AV26: 6 | AW26: - | AX26: - | AY26: - | AZ26: - | BA26: - | BB26: - | BC26: -
A27: DAAS-A-010-1 | D27: PROCESSADOR SISTEMA ADAS-D | E27: 1 | F27: 16751.8 | G27: REPARÁVEL | H27: 1 | K27: 1 | L27: 0 | M27: 0 | N27: 0 | O27: 0 | P27: 0 | Q27: 0 | R27: 0 | S27: 0 | T27: 0 | U27: 0 | V27: 0 | W27: 0 | X27: 0 | AD27: 1 | AG27: - | AH27: - | AI27: - | AJ27: - | AK27: - | AL27: - | AM27: - | AO27: 1 | AT27: 1 | AW27: - | AX27: - | AY27: - | AZ27: - | BA27: - | BB27: - | BC27: -
A28: 200SGL119Q | D28: ARRANQUE GERADOR | E28: 1 | F28: 20999.78 | G28: REPARÁVEL | H28: 6 | K28: 5 | L28: 0 | M28: 0 | N28: 1 | O28: 0 | P28: 0 | Q28: 0 | R28: 0 | S28: 0 | T28: 0 | U28: 0 | V28: 0 | W28: 0 | X28: 0 | AA28: 1 | AB28: 1 | AC28: 1 | AD28: 1 | AE28: 1 | AF28: 1 | AG28: - | AH28: - | AI28: - | AJ28: - | AK28: - | AL28: - | AM28: - | AO28: 6 | AQ28: 1 | AR28: 1 | AS28: 1 | AT28: 1 | AU28: 1 | AV28: 1 | AW28: - | AX28: - | AY28: - | AZ28: - | BA28: - | BB28: - | BC28: -
A29: 065-0061-36 | D29: ACTUATOR TRIM (KS272A) | E29: 1 | F29: 8905.83 | G29: REPARÁVEL | H29: 5 | K29: 5 | L29: 0 | M29: 0 | N29: 0 | O29: 0 | P29: 0 | Q29: 0 | R29: 0 | S29: 0 | T29: 0 | U29: 0 | V29: 0 | W29: 0 | X29: 0 | Z29: 1 | AA29: 1 | AB29: 1 | AC29: 1 | AE29: 1 | AG29: - | AH29: - | AI29: - | AJ29: - | AK29: - | AL29: - | AM29: - | AO29: 5 | AP29: 1 | AQ29: 1 | AR29: 1 | AS29: 1 | AU29: 1 | AW29: - | AX29: - | AY29: - | AZ29: - | BA29: - | BB29: - | BC29: -
A30: 066-3059-01 | C30: 22373 | D30: ADF INDICATOR - DUAL (KI228) ADF INDICATOR - SINGLE (KI227) | E30: 1 | F30: 917.42 | G30: REPARÁVEL | H30: 1 | K30: 0 | L30: 0 | M30: 0 | N30: 0 | O30: 0 | P30: 0 | Q30: 0 | R30: 1 | S30: 0 | T30: 0 | U30: 0 | V30: 0 | W30: 0 | X30: 0 | AE30: 1 | AG30: - | AH30: - | AI30: - | AJ30: - | AK30: - | AL30: - | AM30: - | AO30: 7 | AP30: 1 | AQ30: 1 | AR30: 1 | AS30: 1 | AT30: 1 | AU30: 1 | AV30: 1 | AW30: - | AX30: - | AY30: - | AZ30: - | BA30: - | BB30: - | BC30: -
A31: C661065-0237 | D31: AIRSPEED INDICATOR | E31: 1 | F31: 1034.96 | G31: REPARÁVEL | H31: 13 | K31: 13 | L31: 0 | M31: 0 | N31: 0 | O31: 0 | P31: 0 | Q31: 0 | R31: 0 | S31: 0 | T31: 0 | U31: 0 | V31: 0 | W31: 0 | X31: 0 | Z31: 2 | AA31: 2 | AB31: 2 | AC31: 2 | AD31: 2 | AE31: 2 | AF31: 1 | AG31: - | AH31: - | AI31: - | AJ31: - | AK31: - | AL31: - | AM31: - | AO31: 13 | AP31: 2 | AQ31: 2 | AR31: 2 | AS31: 2 | AT31: 2 | AU31: 2 | AV31: 1 | AW31: - | AX31: - | AY31: - | AZ31: - | BA31: - | BB31: - | BC31: -
A32: 011-00134-00 | D32: ANTENNA ACCESSORY | E32: 1 | F32: 532.33 | G32: REPARÁVEL | H32: 38 | K32: 38 | L32: 0 | M32: 0 | N32: 0 | O32: 0 | P32: 0 | Q32: 0 | R32: 0 | S32: 0 | T32: 0 | U32: 0 | V32: 0 | W32: 0 | X32: 0 | Z32: - | AA32: 4 | AB32: - | AC32: - | AD32: 23 | AE32: - | AF32: 11 | AG32: - | AH32: - | AI32: - | AJ32: - | AK32: - | AL32: - | AM32: - | AO32: 38 | AP32: - | AQ32: 4 | AR32: - | AS32: - | AT32: 23 | AU32: - | AV32: 11 | AW32: - | AX32: - | AY32: - | AZ32: - | BA32: - | BB32: - | BC32: -
A33: 071-1378-00 | D33: ANTENNA RADAR | E33: 1 | F33: 13787.11 | G33: REPARÁVEL | H33: 8 | K33: 8 | L33: 0 | M33: 0 | N33: 0 | O33: 0 | P33: 0 | Q33: 0 | R33: 0 | S33: 0 | T33: 0 | U33: 0 | V33: 0 | W33: 0 | X33: 0 | Z33: - | AA33: 2 | AB33: - | AC33: - | AD33: 3 | AE33: - | AF33: 3 | AG33: - | AH33: - | AI33: - | AJ33: - | AK33: - | AL33: - | AM33: - | AO33: 8 | AP33: - | AQ33: 2 | AR33: - | AS33: - | AT33: 3 | AU33: - | AV33: 3 | AW33: - | AX33: - | AY33: - | AZ33: - | BA33: - | BB33: - | BC33: -
A34: CI268-60 | D34: ANTENNA VHF COMM | E34: 1 | F34: 1399.52 | G34: REPARÁVEL | H34: 9 | K34: 7 | L34: 0 | M34: 1 | N34: 0 | O34: 0 | P34: 0 | Q34: 0 | R34: 0 | S34: 1 | T34: 0 | U34: 0 | V34: 0 | W34: 0 | X34: 0 | Z34: - | AA34: 2 | AB34: - | AC34: - | AD34: 4 | AE34: - | AF34: 3 | AG34: - | AH34: - | AI34: - | AJ34: - | AK34: - | AL34: - | AM34: - | AO34: 9 | AP34: - | AQ34: 2 | AR34: - | AS34: - | AT34: 4 | AU34: - | AV34: 3 | AW34: - | AX34: - | AY34: - | AZ34: - | BA34: - | BB34: - | BC34: -
A35: 066-1055-00 | D35: AUDIO CONTROL PANEL (KMA-24) | E35: 1 | F35: 1742.25 | G35: REPARÁVEL | H35: 13 | K35: 12 | L35: 0 | M35: 0 | N35: 0 | O35: 0 | P35: 0 | Q35: 0 | R35: 0 | S35: 0 | T35: 1 | U35: 0 | V35: 0 | W35: 0 | X35: 0 | Z35: 2 | AA35: 2 | AB35: 2 | AC35: 2 | AD35: 2 | AE35: 2 | AF35: 1 | AG35: - | AH35: - | AI35: - | AJ35: - | AK35: - | AL35: - | AM35: - | AO35: 13 | AP35: 2 | AQ35: 2 | AR35: 2 | AS35: 2 | AT35: 2 | AU35: 2 | AV35: 1 | AW35: - | AX35: - | AY35: - | AZ35: - | BA35: - | BB35: - | BC35: -
A36: 065-0042-03 | D36: AUTOPILOT COMPUTER | E36: 1 | F36: 10292.41 | G36: REPARÁVEL | H36: 10 | K36: 8 | L36: 0 | M36: 0 | N36: 0 | O36: 0 | P36: 0 | Q36: 0 | R36: 0 | S36: 0 | T36: 0 | U36: 0 | V36: 0 | W36: 2 | X36: 0 | Z36: - | AA36: 3 | AB36: - | AC36: - | AD36: 4 | AE36: - | AF36: 3 | AG36: - | AH36: - | AI36: - | AJ36: - | AK36: - | AL36: - | AM36: - | AO36: 10 | AP36: - | AQ36: 3 | AR36: - | AS36: - | AT36: 4 | AU36: - | AV36: 3 | AW36: - | AX36: - | AY36: - | AZ36: - | BA36: - | BB36: - | BC36: -
A37: 24535-026 | D37: BATTERY BATTERY NICKEL CADMIUM BATTERY NONRECHARGEABLE BATTERY STORAGE BATTERY-MARATHON TSP410 NICAD | E37: 1 | F37: 3379.72 | G37: REPARÁVEL | H37: 6 | K37: 6 | L37: 0 | M37: 0 | N37: 0 | O37: 0 | P37: 0 | Q37: 0 | R37: 0 | S37: 0 | T37: 0 | U37: 0 | V37: 0 | W37: 0 | X37: 0 | Z37: - | AA37: 1 | AB37: - | AC37: - | AD37: 3 | AE37: - | AF37: 2 | AG37: - | AH37: - | AI37: - | AJ37: - | AK37: - | AL37: - | AM37: - | AO37: 6 | AP37: - | AQ37: 1 | AR37: - | AS37: - | AT37: 3 | AU37: - | AV37: 2 | AW37: - | AX37: - | AY37: - | AZ37: - | BA37: - | BB37: - | BC37: -
A38: 2682001-1 | C38: 7EK50 | D38: BRAKE CYL MAST | E38: 2 | F38: 633.28 | G38: REPARÁVEL | H38: 0 | K38: 0 | L38: 0 | M38: 0 | N38: 0 | O38: 0 | P38: 0 | Q38: 0 | R38: 0 | S38: 0 | T38: 0 | U38: 0 | V38: 0 | W38: 0 | X38: 0 | AG38: - | AH38: - | AI38: - | AJ38: - | AK38: - | AL38: - | AM38: - | AO38: 8 | AP38: 1 | AQ38: 1 | AR38: 1 | AS38: 1 | AT38: 2 | AU38: 1 | AV38: 1 | AW38: - | AX38: - | AY38: - | AZ38: - | BA38: - | BB38: - | BC38: -
A39: 164-22201 | C39: 7EK50 | D39: BRAKE DISC | E39: 2 | F39: 203.83 | G39: REPARÁVEL | H39: 0 | K39: 0 | L39: 0 | M39: 0 | N39: 0 | O39: 0 | P39: 0 | Q39: 0 | R39: 0 | S39: 0 | T39: 0 | U39: 0 | V39: 0 | W39: 0 | X39: 0 | AG39: - | AH39: - | AI39: - | AJ39: - | AK39: - | AL39: - | AM39: - | AO39: 7 | AP39: 1 | AQ39: 1 | AR39: 1 | AS39: 1 | AT39: 1 | AU39: 1 | AV39: 1 | AW39: - | AX39: - | AY39: - | AZ39: - | BA39: - | BB39: - | BC39: -
A40: 064-1019-05 | C40: 22373 | D40: VHF TRANSCEIVE KY196 | E40: 1 | F40: 1412.98 | G40: REPARÁVEL | H40: 1 | K40: 0 | L40: 0 | M40: 0 | N40: 0 | O40: 0 | P40: 0 | Q40: 0 | R40: 0 | S40: 0 | T40: 1 | U40: 0 | V40: 0 | W40: 0 | X40: 0 | AE40: 1 | AG40: - | AH40: - | AI40: - | AJ40: - | AK40: - | AL40: - | AM40: - | AO40: 5 | AP40: 1 | AQ40: 1 | AR40: 1 | AS40: 1 | AU40: 1 | AW40: - | AX40: - | AY40: - | AZ40: - | BA40: - | BB40: - | BC40: -
A41: C661030-0301 | D41: TURN COORD | E41: 1 | F41: 766.76 | G41: REPARÁVEL | H41: 10 | K41: 9 | L41: 0 | M41: 0 | N41: 0 | O41: 0 | P41: 0 | Q41: 0 | R41: 0 | S41: 0 | T41: 1 | U41: 0 | V41: 0 | W41: 0 | X41: 0 | Z41: 1 | AA41: 2 | AB41: 2 | AC41: 1 | AD41: 1 | AE41: 2 | AF41: 1 | AG41: - | AH41: - | AI41: - | AJ41: - | AK41: - | AL41: - | AM41: - | AO41: 10 | AP41: 1 | AQ41: 2 | AR41: 2 | AS41: 1 | AT41: 1 | AU41: 2 | AV41: 1 | AW41: - | AX41: - | AY41: - | AZ41: - | BA41: - | BB41: - | BC41: -
A42: 799-1 | C42: 83326 | D42: TRANSDUCER | E42: 1 | F42: 3089.89 | G42: REPARÁVEL | H42: 2 | K42: 1 | L42: 0 | M42: 1 | N42: 0 | O42: 0 | P42: 0 | Q42: 0 | R42: 0 | S42: 0 | T42: 0 | U42: 0 | V42: 0 | W42: 0 | X42: 0 | AD42: 1 | AF42: 1 | AG42: - | AH42: - | AI42: - | AJ42: - | AK42: - | AL42: - | AM42: - | AO42: 4 | AQ42: 1 | AT42: 1 | AU42: 1 | AV42: 1 | AW42: - | AX42: - | AY42: - | AZ42: - | BA42: - | BB42: - | BC42: -
A43: 066-1070-01 | D43: TRANSCEIVER DME (KN63) | E43: 1 | F43: 1250 | G43: REPARÁVEL | H43: 6 | K43: 6 | L43: 0 | M43: 0 | N43: 0 | O43: 0 | P43: 0 | Q43: 0 | R43: 0 | S43: 0 | T43: 0 | U43: 0 | V43: 0 | W43: 0 | X43: 0 | Z43: 1 | AA43: 1 | AB43: 1 | AC43: 1 | AD43: 1 | AE43: 1 | AG43: - | AH43: - | AI43: - | AJ43: - | AK43: - | AL43: - | AM43: - | AO43: 6 | AP43: 1 | AQ43: 1 | AR43: 1 | AS43: 1 | AT43: 1 | AU43: 1 | AW43: - | AX43: - | AY43: - | AZ43: - | BA43: - | BB43: - | BC43: -
A44: MD82-4 | D44: TORQUE INDICATOR TORQUE INDICATOR MECHANICAL | E44: 1 | F44: 3325.66 | G44: REPARÁVEL | H44: 22 | K44: 22 | L44: 0 | M44: 0 | N44: 0 | O44: 0 | P44: 0 | Q44: 0 | R44: 0 | S44: 0 | T44: 0 | U44: 0 | V44: 0 | W44: 0 | X44: 0 | Z44: - | AA44: 4 | AB44: - | AC44: - | AD44: 12 | AE44: - | AF44: 6 | AG44: - | AH44: - | AI44: - | AJ44: - | AK44: - | AL44: - | AM44: - | AO44: 22 | AP44: - | AQ44: 4 | AR44: - | AS44: - | AT44: 12 | AU44: - | AV44: 6 | AW44: - | AX44: - | AY44: - | AZ44: - | BA44: - | BB44: - | BC44: -
A45: 069-1025-25 | D45: RECEIVER-TRANSMITTER RADIO - KX165 RECEIVER-TRANSMITTER RADIO RECEIVER VOR/LOC (KNS81) RECEIVER-TRANSMITTER RADIO (KT71) RECEIVER ADF (KING KR87) RECEIVER-TRANSMITTER SUBASSEMBLY RECEPTOR-TRANSMISSOR DE RADIO | E45: 1 | F45: 5710.68 | G45: REPARÁVEL | H45: 101 | K45: 99 | L45: 0 | M45: 0 | N45: 0 | O45: 0 | P45: 0 | Q45: 0 | R45: 1 | S45: 1 | T45: 0 | U45: 0 | V45: 0 | W45: 0 | X45: 0 | Z45: 7 | AA45: 28 | AB45: 9 | AC45: 11 | AD45: 7 | AE45: 32 | AF45: 7 | AG45: - | AH45: - | AI45: - | AJ45: - | AK45: - | AL45: - | AM45: - | AO45: 101 | AP45: 7 | AQ45: 28 | AR45: 9 | AS45: 11 | AT45: 7 | AU45: 32 | AV45: 7 | AW45: - | AX45: - | AY45: - | AZ45: - | BA45: - | BB45: - | BC45: -
A46: 071-1242-06 | C46: 22373 | D46: SLAVING ACCESS SPEC | E46: 1 | F46: 482.87 | G46: REPARÁVEL | H46: 2 | K46: 1 | L46: 0 | M46: 1 | N46: 0 | O46: 0 | P46: 0 | Q46: 0 | R46: 0 | S46: 0 | T46: 0 | U46: 0 | V46: 0 | W46: 0 | X46: 0 | AA46: 1 | AE46: 1 | AG46: - | AH46: - | AI46: - | AJ46: - | AK46: - | AL46: - | AM46: - | AO46: 7 | AP46: 1 | AQ46: 1 | AR46: 1 | AS46: 1 | AT46: 1 | AU46: 1 | AV46: 1 | AW46: - | AX46: - | AY46: - | AZ46: - | BA46: - | BB46: - | BC46: -
A47: 065-0065-01 | D47: SELECTOR ALT | E47: 1 | F47: 8704.7 | G47: REPARÁVEL | H47: 6 | K47: 6 | L47: 0 | M47: 0 | N47: 0 | O47: 0 | P47: 0 | Q47: 0 | R47: 0 | S47: 0 | T47: 0 | U47: 0 | V47: 0 | W47: 0 | X47: 0 | Z47: 1 | AA47: 1 | AB47: 1 | AC47: 1 | AD47: 1 | AE47: 1 | AG47: - | AH47: - | AI47: - | AJ47: - | AK47: - | AL47: - | AM47: - | AO47: 6 | AP47: 1 | AQ47: 1 | AR47: 1 | AS47: 1 | AT47: 1 | AU47: 1 | AW47: - | AX47: - | AY47: - | AZ47: - | BA47: - | BB47: - | BC47: -
A48: 066-1061-03 | D48: RT RADAR ALTIM (KRA10A) | E48: 1 | F48: 8065.09 | G48: REPARÁVEL | H48: 0 | K48: 0 | L48: 0 | M48: 0 | N48: 0 | O48: 0 | P48: 0 | Q48: 0 | R48: 0 | S48: 0 | T48: 0 | U48: 0 | V48: 0 | W48: 0 | X48: 0 | AG48: - | AH48: - | AI48: - | AJ48: - | AK48: - | AL48: - | AM48: - | AO48: 0 | AW48: - | AX48: - | AY48: - | AZ48: - | BA48: - | BB48: - | BC48: -
A49: 071-01519-0101 | D49: RECEIVER-EXCITER RADAR | E49: 1 | F49: 36397.06 | G49: REPARÁVEL | H49: 6 | K49: 5 | L49: 0 | M49: 1 | N49: 0 | O49: 0 | P49: 0 | Q49: 0 | R49: 0 | S49: 0 | T49: 0 | U49: 0 | V49: 0 | W49: 0 | X49: 0 | Z49: - | AA49: 2 | AB49: - | AC49: - | AD49: 2 | AE49: - | AF49: 2 | AG49: - | AH49: - | AI49: - | AJ49: - | AK49: - | AL49: - | AM49: - | AO49: 6 | AP49: - | AQ49: 2 | AR49: - | AS49: - | AT49: 2 | AU49: - | AV49: 2 | AW49: - | AX49: - | AY49: - | AZ49: - | BA49: - | BB49: - | BC49: -
A50: 066-3114-00 | D50: RECEIVER RADAR | E50: 1 | F50: 4878.94 | G50: REPARÁVEL | H50: 13 | K50: 13 | L50: 0 | M50: 0 | N50: 0 | O50: 0 | P50: 0 | Q50: 0 | R50: 0 | S50: 0 | T50: 0 | U50: 0 | V50: 0 | W50: 0 | X50: 0 | Z50: 2 | AA50: 2 | AB50: 2 | AC50: 2 | AD50: 2 | AE50: 2 | AF50: 1 | AG50: - | AH50: - | AI50: - | AJ50: - | AK50: - | AL50: - | AM50: - | AO50: 13 | AP50: 2 | AQ50: 2 | AR50: 2 | AS50: 2 | AT50: 2 | AU50: 2 | AV50: 1 | AW50: - | AX50: - | AY50: - | AZ50: - | BA50: - | BB50: - | BC50: -
A51: 011-00916-00 | D51: DISPLAY UNIT GDU 1040A | E51: 1 | F51: 13607.99 | G51: REPARÁVEL | H51: 7 | K51: 7 | L51: 0 | M51: 0 | N51: 0 | O51: 0 | P51: 0 | Q51: 0 | R51: 0 | S51: 0 | T51: 0 | U51: 0 | V51: 0 | W51: 0 | X51: 0 | Z51: - | AA51: 2 | AB51: - | AC51: - | AD51: 3 | AE51: - | AF51: 2 | AG51: - | AH51: - | AI51: - | AJ51: - | AK51: - | AL51: - | AM51: - | AO51: 7 | AP51: - | AQ51: 2 | AR51: - | AS51: - | AT51: 3 | AU51: - | AV51: 2 | AW51: - | AX51: - | AY51: - | AZ51: - | BA51: - | BB51: - | BC51: -
A52: 060-0017-00 | C52: 22373 | D52: FLIGHT DIR HOR | E52: 1 | F52: 1700 | G52: REPARÁVEL | H52: 5 | K52: 5 | L52: 0 | M52: 0 | N52: 0 | O52: 0 | P52: 0 | Q52: 0 | R52: 0 | S52: 0 | T52: 0 | U52: 0 | V52: 0 | W52: 0 | X52: 0 | Z52: 1 | AA52: 1 | AB52: 1 | AC52: 1 | AE52: 1 | AG52: - | AH52: - | AI52: - | AJ52: - | AK52: - | AL52: - | AM52: - | AO52: 7 | AP52: 1 | AQ52: 1 | AR52: 1 | AS52: 1 | AT52: 1 | AU52: 1 | AV52: 1 | AW52: - | AX52: - | AY52: - | AZ52: - | BA52: - | BB52: - | BC52: -
A53: C611008-0101 | D53: ALTERNATOR CONTROL UNIT ALTERNATOR CONTROL UNIT ASSY | E53: 1 | F53: 1821.41 | G53: REPARÁVEL | H53: 26 | K53: 26 | L53: 0 | M53: 0 | N53: 0 | O53: 0 | P53: 0 | Q53: 0 | R53: 0 | S53: 0 | T53: 0 | U53: 0 | V53: 0 | W53: 0 | X53: 0 | Z53: 3 | AA53: 4 | AB53: 3 | AC53: 3 | AD53: 5 | AE53: 4 | AF53: 4 | AG53: - | AH53: - | AI53: - | AJ53: - | AK53: - | AL53: - | AM53: - | AO53: 26 | AP53: 3 | AQ53: 4 | AR53: 3 | AS53: 3 | AT53: 5 | AU53: 4 | AV53: 4 | AW53: - | AX53: - | AY53: - | AZ53: - | BA53: - | BB53: - | BC53: -
A54: C414007-0102 | D54: BLOWER ASSY | E54: 1 | F54: 446.4 | G54: REPARÁVEL | H54: 11 | K54: 9 | L54: 0 | M54: 0 | N54: 0 | O54: 0 | P54: 1 | Q54: 0 | R54: 0 | S54: 0 | T54: 0 | U54: 0 | V54: 0 | W54: 1 | X54: 0 | Z54: 1 | AA54: 2 | AB54: 2 | AC54: 2 | AD54: 1 | AE54: 2 | AF54: 1 | AG54: - | AH54: - | AI54: - | AJ54: - | AK54: - | AL54: - | AM54: - | AO54: 11 | AP54: 1 | AQ54: 2 | AR54: 2 | AS54: 2 | AT54: 1 | AU54: 2 | AV54: 1 | AW54: - | AX54: - | AY54: - | AZ54: - | BA54: - | BB54: - | BC54: -
A55: 011-00882-10 | D55: COMPUTER AIR DATA | E55: 2 | F55: 5450 | G55: REPARÁVEL | H55: 9 | K55: 9 | L55: 0 | M55: 0 | N55: 0 | O55: 0 | P55: 0 | Q55: 0 | R55: 0 | S55: 0 | T55: 0 | U55: 0 | V55: 0 | W55: 0 | X55: 0 | Z55: - | AA55: 2 | AB55: - | AC55: - | AD55: 4 | AE55: - | AF55: 3 | AG55: - | AH55: - | AI55: - | AJ55: - | AK55: - | AL55: - | AM55: - | AO55: 9 | AP55: - | AQ55: 2 | AR55: - | AS55: - | AT55: 4 | AU55: - | AV55: 3 | AW55: - | AX55: - | AY55: - | AZ55: - | BA55: - | BB55: - | BC55: -
A56: 060-0015-00 | D56: CONTROL DIRECTIONAL AUTOMATIC PILOT | E56: 1 | F56: 4126.92 | G56: REPARÁVEL | H56: 16 | K56: 16 | L56: 0 | M56: 0 | N56: 0 | O56: 0 | P56: 0 | Q56: 0 | R56: 0 | S56: 0 | T56: 0 | U56: 0 | V56: 0 | W56: 0 | X56: 0 | Z56: 2 | AA56: 3 | AB56: 2 | AC56: 2 | AD56: 2 | AE56: 3 | AF56: 2 | AG56: - | AH56: - | AI56: - | AJ56: - | AK56: - | AL56: - | AM56: - | AO56: 16 | AP56: 2 | AQ56: 3 | AR56: 2 | AS56: 2 | AT56: 2 | AU56: 3 | AV56: 2 | AW56: - | AX56: - | AY56: - | AZ56: - | BA56: - | BB56: - | BC56: -
A57: 066-3046-01 | D57: VOR INDICATOR CONTROL INDICATOR | E57: 1 | F57: 4091.38 | G57: REPARÁVEL | H57: 39 | K57: 37 | L57: 0 | M57: 1 | N57: 0 | O57: 0 | P57: 0 | Q57: 0 | R57: 0 | S57: 0 | T57: 0 | U57: 0 | V57: 0 | W57: 1 | X57: 0 | Z57: 4 | AA57: 8 | AB57: 5 | AC57: 5 | AD57: 4 | AE57: 9 | AF57: 4 | AG57: - | AH57: - | AI57: - | AJ57: - | AK57: - | AL57: - | AM57: - | AO57: 39 | AP57: 4 | AQ57: 8 | AR57: 5 | AS57: 5 | AT57: 4 | AU57: 9 | AV57: 4 | AW57: - | AX57: - | AY57: - | AZ57: - | BA57: - | BB57: - | BC57: -
A58: 064-1016-00 | D58: CONTROL RECEIVER | E58: 1 | F58: 6661.29 | G58: REPARÁVEL | H58: 5 | K58: 4 | L58: 0 | M58: 0 | N58: 0 | O58: 0 | P58: 1 | Q58: 0 | R58: 0 | S58: 0 | T58: 0 | U58: 0 | V58: 0 | W58: 0 | X58: 0 | Z58: - | AA58: 1 | AB58: - | AC58: - | AD58: 2 | AE58: - | AF58: 2 | AG58: - | AH58: - | AI58: - | AJ58: - | AK58: - | AL58: - | AM58: - | AO58: 5 | AP58: - | AQ58: 1 | AR58: - | AS58: - | AT58: 2 | AU58: - | AV58: 2 | AW58: - | AX58: - | AY58: - | AZ58: - | BA58: - | BB58: - | BC58: -
A59: 3244897-4 | D59: FUEL CONTROL UNIT FUEL CONTROL MAIN TURBINE ENGINE | E59: 1 | F59: 24809.05 | G59: REPARÁVEL | H59: 6 | K59: 6 | L59: 0 | M59: 0 | N59: 0 | O59: 0 | P59: 0 | Q59: 0 | R59: 0 | S59: 0 | T59: 0 | U59: 0 | V59: 0 | W59: 0 | X59: 0 | Z59: - | AA59: 1 | AB59: - | AC59: - | AD59: 3 | AE59: - | AF59: 2 | AG59: - | AH59: - | AI59: - | AJ59: - | AK59: - | AL59: - | AM59: - | AO59: 6 | AP59: - | AQ59: 1 | AR59: - | AS59: - | AT59: 3 | AU59: - | AV59: 2 | AW59: - | AX59: - | AY59: - | AZ59: - | BA59: - | BB59: - | BC59: -
A60: 702801-5 | D60: FUEL PUMP | E60: 1 | F60: 13789.49 | G60: REPARÁVEL | H60: 5 | K60: 5 | L60: 0 | M60: 0 | N60: 0 | O60: 0 | P60: 0 | Q60: 0 | R60: 0 | S60: 0 | T60: 0 | U60: 0 | V60: 0 | W60: 0 | X60: 0 | Z60: - | AA60: 1 | AB60: - | AC60: - | AD60: 2 | AE60: - | AF60: 2 | AG60: - | AH60: - | AI60: - | AJ60: - | AK60: - | AL60: - | AM60: - | AO60: 5 | AP60: - | AQ60: 1 | AR60: - | AS60: - | AT60: 2 | AU60: - | AV60: 2 | AW60: - | AX60: - | AY60: - | AZ60: - | BA60: - | BB60: - | BC60: -
A61: C661053-0101 | D61: GYRO HORIZON GYRO DIRECTION | E61: 1 | F61: 2907.34 | G61: REPARÁVEL | H61: 14 | K61: 14 | L61: 0 | M61: 0 | N61: 0 | O61: 0 | P61: 0 | Q61: 0 | R61: 0 | S61: 0 | T61: 0 | U61: 0 | V61: 0 | W61: 0 | X61: 0 | Z61: 2 | AA61: 2 | AB61: 2 | AC61: 2 | AD61: 2 | AE61: 2 | AF61: 2 | AG61: - | AH61: - | AI61: - | AJ61: - | AK61: - | AL61: - | AM61: - | AO61: 14 | AP61: 2 | AQ61: 2 | AR61: 2 | AS61: 2 | AT61: 2 | AU61: 2 | AV61: 2 | AW61: - | AX61: - | AY61: - | AZ61: - | BA61: - | BB61: - | BC61: -
A62: 066-3084-32 | D62: IND RDR 2000 IN-182A COLOR RADAR INDICATOR | E62: 1 | F62: 8155.36 | G62: REPARÁVEL | H62: 4 | K62: 4 | L62: 0 | M62: 0 | N62: 0 | O62: 0 | P62: 0 | Q62: 0 | R62: 0 | S62: 0 | T62: 0 | U62: 0 | V62: 0 | W62: 0 | X62: 0 | AA62: 1 | AB62: 1 | AC62: 1 | AE62: 1 | AG62: - | AH62: - | AI62: - | AJ62: - | AK62: - | AL62: - | AM62: - | AO62: 4 | AQ62: 1 | AR62: 1 | AS62: 1 | AU62: 1 | AW62: - | AX62: - | AY62: - | AZ62: - | BA62: - | BB62: - | BC62: -
A63: 066-3060-00 | D63: IND RMI KNI582 | E63: 1 | F63: 5844.53 | G63: REPARÁVEL | H63: 1 | K63: 1 | L63: 0 | M63: 0 | N63: 0 | O63: 0 | P63: 0 | Q63: 0 | R63: 0 | S63: 0 | T63: 0 | U63: 0 | V63: 0 | W63: 0 | X63: 0 | AE63: 1 | AG63: - | AH63: - | AI63: - | AJ63: - | AK63: - | AL63: - | AM63: - | AO63: 1 | AU63: 1 | AW63: - | AX63: - | AY63: - | AZ63: - | BA63: - | BB63: - | BC63: -
A64: 2606013-1AM | C64: 26055 | D64: INDICADOR PERCENTUAL RPM | E64: 1 | F64: 2276.26 | G64: REPARÁVEL | H64: 1 | K64: 0 | L64: 0 | M64: 1 | N64: 0 | O64: 0 | P64: 0 | Q64: 0 | R64: 0 | S64: 0 | T64: 0 | U64: 0 | V64: 0 | W64: 0 | X64: 0 | AE64: 1 | AG64: - | AH64: - | AI64: - | AJ64: - | AK64: - | AL64: - | AM64: - | AO64: 5 | AP64: 1 | AQ64: 1 | AR64: 1 | AS64: 1 | AU64: 1 | AW64: - | AX64: - | AY64: - | AZ64: - | BA64: - | BB64: - | BC64: -
A65: 011-01105-01 | D65: INTEGRATED AVIONICS UNIT GIA63W | E65: 2 | F65: 13256.69 | G65: REPARÁVEL | H65: 3 | K65: 3 | L65: 0 | M65: 0 | N65: 0 | O65: 0 | P65: 0 | Q65: 0 | R65: 0 | S65: 0 | T65: 0 | U65: 0 | V65: 0 | W65: 0 | X65: 0 | Z65: - | AA65: 1 | AB65: - | AC65: - | AD65: 1 | AE65: - | AF65: 1 | AG65: - | AH65: - | AI65: - | AJ65: - | AK65: - | AL65: - | AM65: - | AO65: 3 | AP65: - | AQ65: 1 | AR65: - | AS65: - | AT65: 1 | AU65: - | AV65: 1 | AW65: - | AX65: - | AY65: - | AZ65: - | BA65: - | BB65: - | BC65: -
A66: 011-00870-00 | D66: MAGNETOMETER GMU 44 | E66: 1 | F66: 2450 | G66: REPARÁVEL | H66: 6 | K66: 6 | L66: 0 | M66: 0 | N66: 0 | O66: 0 | P66: 0 | Q66: 0 | R66: 0 | S66: 0 | T66: 0 | U66: 0 | V66: 0 | W66: 0 | X66: 0 | Z66: - | AA66: 2 | AB66: - | AC66: - | AD66: 2 | AE66: - | AF66: 2 | AG66: - | AH66: - | AI66: - | AJ66: - | AK66: - | AL66: - | AM66: - | AO66: 6 | AP66: - | AQ66: 2 | AR66: - | AS66: - | AT66: 2 | AU66: - | AV66: 2 | AW66: - | AX66: - | AY66: - | AZ66: - | BA66: - | BB66: - | BC66: -
A67: 62800-00 | D67: MICROPHONE | E67: 1 | F67: 85.1 | G67: REPARÁVEL | H67: 12 | K67: 11 | L67: 0 | M67: 0 | N67: 0 | O67: 0 | P67: 0 | Q67: 0 | R67: 0 | S67: 0 | T67: 1 | U67: 0 | V67: 0 | W67: 0 | X67: 0 | Z67: 1 | AA67: 2 | AB67: 2 | AC67: 1 | AD67: 2 | AE67: 2 | AF67: 2 | AG67: - | AH67: - | AI67: - | AJ67: - | AK67: - | AL67: - | AM67: - | AO67: 12 | AP67: 1 | AQ67: 2 | AR67: 2 | AS67: 1 | AT67: 2 | AU67: 2 | AV67: 2 | AW67: - | AX67: - | AY67: - | AZ67: - | BA67: - | BB67: - | BC67: -
A68: 011-00883-20 | D68: RADAR GWX 68 WEATHER | E68: 1 | F68: 31126.49 | G68: REPARÁVEL | H68: 3 | K68: 3 | L68: 0 | M68: 0 | N68: 0 | O68: 0 | P68: 0 | Q68: 0 | R68: 0 | S68: 0 | T68: 0 | U68: 0 | V68: 0 | W68: 0 | X68: 0 | Z68: - | AA68: 1 | AB68: - | AC68: - | AD68: 1 | AE68: - | AF68: 1 | AG68: - | AH68: - | AI68: - | AJ68: - | AK68: - | AL68: - | AM68: - | AO68: 3 | AP68: - | AQ68: 1 | AR68: - | AS68: - | AT68: 1 | AU68: - | AV68: 1 | AW68: - | AX68: - | AY68: - | AZ68: - | BA68: - | BB68: - | BC68: -
A69: 5934PAD-3 | D69: ALTIMETER ENCODING ALTIM - KEA130A | E69: 1 | F69: 3295.65 | G69: REPARÁVEL | H69: 14 | K69: 13 | L69: 0 | M69: 1 | N69: 0 | O69: 0 | P69: 0 | Q69: 0 | R69: 0 | S69: 0 | T69: 0 | U69: 0 | V69: 0 | W69: 0 | X69: 0 | Z69: - | AA69: 4 | AB69: - | AC69: - | AD69: 5 | AE69: - | AF69: 5 | AG69: - | AH69: - | AI69: - | AJ69: - | AK69: - | AL69: - | AM69: - | AO69: 14 | AP69: - | AQ69: 4 | AR69: - | AS69: - | AT69: 5 | AU69: - | AV69: 5 | AW69: - | AX69: - | AY69: - | AZ69: - | BA69: - | BB69: - | BC69: -
A70: C660501-0102 | C70: 7EK50 | D70: COMPASS ASSY | E70: 1 | F70: 162.66 | G70: REPARÁVEL | H70: 6 | K70: 6 | L70: 0 | M70: 0 | N70: 0 | O70: 0 | P70: 0 | Q70: 0 | R70: 0 | S70: 0 | T70: 0 | U70: 0 | V70: 0 | W70: 0 | X70: 0 | Z70: 1 | AA70: 1 | AB70: 1 | AC70: 1 | AD70: 1 | AE70: 1 | AG70: - | AH70: - | AI70: - | AJ70: - | AK70: - | AL70: - | AM70: - | AO70: 7 | AP70: 1 | AQ70: 1 | AR70: 1 | AS70: 1 | AT70: 1 | AU70: 1 | AV70: 1 | AW70: - | AX70: - | AY70: - | AZ70: - | BA70: - | BB70: - | BC70: -
A71: 51539-012N | C71: 7EK50 | D71: CONTROL UNIT ASSY-GENERATOR | E71: 1 | F71: 11218.11 | G71: REPARÁVEL | H71: 1 | K71: 1 | L71: 0 | M71: 0 | N71: 0 | O71: 0 | P71: 0 | Q71: 0 | R71: 0 | S71: 0 | T71: 0 | U71: 0 | V71: 0 | W71: 0 | X71: 0 | AD71: 1 | AG71: - | AH71: - | AI71: - | AJ71: - | AK71: - | AL71: - | AM71: - | AO71: 3 | AQ71: 1 | AT71: 1 | AV71: 1 | AW71: - | AX71: - | AY71: - | AZ71: - | BA71: - | BB71: - | BC71: -
A72: C662504-0101 | D72: GAGE VOLT AMME | E72: 1 | F72: 554.46 | G72: REPARÁVEL | H72: 9 | K72: 9 | L72: 0 | M72: 0 | N72: 0 | O72: 0 | P72: 0 | Q72: 0 | R72: 0 | S72: 0 | T72: 0 | U72: 0 | V72: 0 | W72: 0 | X72: 0 | Z72: 1 | AA72: 1 | AB72: 1 | AC72: 1 | AD72: 2 | AE72: 1 | AF72: 2 | AG72: - | AH72: - | AI72: - | AJ72: - | AK72: - | AL72: - | AM72: - | AO72: 9 | AP72: 1 | AQ72: 1 | AR72: 1 | AS72: 1 | AT72: 2 | AU72: 1 | AV72: 2 | AW72: - | AX72: - | AY72: - | AZ72: - | BA72: - | BB72: - | BC72: -
A73: C662041-0102 | C73: 71739 | D73: FUEL QUANTITY INDICA | E73: 2 | F73: 4530.62 | G73: REPARÁVEL | H73: 0 | K73: 0 | L73: 0 | M73: 0 | N73: 0 | O73: 0 | P73: 0 | Q73: 0 | R73: 0 | S73: 0 | T73: 0 | U73: 0 | V73: 0 | W73: 0 | X73: 0 | AG73: - | AH73: - | AI73: - | AJ73: - | AK73: - | AL73: - | AM73: - | AO73: 2 | AQ73: 1 | AU73: 1 | AW73: - | AX73: - | AY73: - | AZ73: - | BA73: - | BB73: - | BC73: -
A74: 2C6-8 | D74: FUEL BOOST PUMP | E74: 1 | F74: 1530 | G74: REPARÁVEL | H74: 3 | K74: 3 | L74: 0 | M74: 0 | N74: 0 | O74: 0 | P74: 0 | Q74: 0 | R74: 0 | S74: 0 | T74: 0 | U74: 0 | V74: 0 | W74: 0 | X74: 0 | AA74: 1 | AD74: 1 | AF74: 1 | AG74: - | AH74: - | AI74: - | AJ74: - | AK74: - | AL74: - | AM74: - | AO74: 3 | AQ74: 1 | AT74: 1 | AV74: 1 | AW74: - | AX74: - | AY74: - | AZ74: - | BA74: - | BB74: - | BC74: -
A75: 0901-1 | C75: 34163 | D75: FAN ASSY-VENTE | E75: 2 | F75: 1124.62 | G75: REPARÁVEL | H75: 4 | K75: 1 | L75: 0 | M75: 0 | N75: 0 | O75: 0 | P75: 0 | Q75: 0 | R75: 2 | S75: 0 | T75: 0 | U75: 0 | V75: 0 | W75: 0 | X75: 1 | AA75: 1 | AD75: 1 | AE75: 1 | AF75: 1 | AG75: - | AH75: - | AI75: - | AJ75: - | AK75: - | AL75: - | AM75: - | AO75: 6 | AQ75: 1 | AR75: 1 | AS75: 1 | AT75: 1 | AU75: 1 | AV75: 1 | AW75: - | AX75: - | AY75: - | AZ75: - | BA75: - | BB75: - | BC75: -
A76: 22A703 | D76: GENERATOR TACHOMETER | E76: 1 | F76: 1816.53 | G76: REPARÁVEL | H76: 8 | K76: 6 | L76: 0 | M76: 0 | N76: 0 | O76: 0 | P76: 0 | Q76: 0 | R76: 0 | S76: 0 | T76: 0 | U76: 0 | V76: 2 | W76: 0 | X76: 0 | Z76: 1 | AA76: 1 | AB76: 1 | AC76: 1 | AD76: 2 | AE76: 1 | AF76: 1 | AG76: - | AH76: - | AI76: - | AJ76: - | AK76: - | AL76: - | AM76: - | AO76: 8 | AP76: 1 | AQ76: 1 | AR76: 1 | AS76: 1 | AT76: 2 | AU76: 1 | AV76: 1 | AW76: - | AX76: - | AY76: - | AZ76: - | BA76: - | BB76: - | BC76: -
A77: 8210-002 | C77: 66503 | D77: GOVERNOR CONSTANT SPEED DRIVE GOVERNOR FUEL CONTROL | E77: 1 | F77: 6821.81 | G77: REPARÁVEL | H77: 0 | K77: 0 | L77: 0 | M77: 0 | N77: 0 | O77: 0 | P77: 0 | Q77: 0 | R77: 0 | S77: 0 | T77: 0 | U77: 0 | V77: 0 | W77: 0 | X77: 0 | AG77: - | AH77: - | AI77: - | AJ77: - | AK77: - | AL77: - | AM77: - | AO77: 1 | AT77: 1 | AW77: - | AX77: - | AY77: - | AZ77: - | BA77: - | BB77: - | BC77: -
A78: 011-00877-00 | D78: GSA-80 SERVO ROL YAW SPEC | E78: 1 | F78: 2357.14 | G78: REPARÁVEL | H78: 6 | K78: 6 | L78: 0 | M78: 0 | N78: 0 | O78: 0 | P78: 0 | Q78: 0 | R78: 0 | S78: 0 | T78: 0 | U78: 0 | V78: 0 | W78: 0 | X78: 0 | Z78: - | AA78: 2 | AB78: - | AC78: - | AD78: 2 | AE78: - | AF78: 2 | AG78: - | AH78: - | AI78: - | AJ78: - | AK78: - | AL78: - | AM78: - | AO78: 6 | AP78: - | AQ78: 2 | AR78: - | AS78: - | AT78: 2 | AU78: - | AV78: 2 | AW78: - | AX78: - | AY78: - | AZ78: - | BA78: - | BB78: - | BC78: -
A79: 011-00878-10 | D79: GSA-81 TORQUE SERVO | E79: 1 | F79: 1714.29 | G79: REPARÁVEL | H79: 3 | K79: 3 | L79: 0 | M79: 0 | N79: 0 | O79: 0 | P79: 0 | Q79: 0 | R79: 0 | S79: 0 | T79: 0 | U79: 0 | V79: 0 | W79: 0 | X79: 0 | Z79: - | AA79: 1 | AB79: - | AC79: - | AD79: 1 | AE79: - | AF79: 1 | AG79: - | AH79: - | AI79: - | AJ79: - | AK79: - | AL79: - | AM79: - | AO79: 3 | AP79: - | AQ79: 1 | AR79: - | AS79: - | AT79: 1 | AU79: - | AV79: 1 | AW79: - | AX79: - | AY79: - | AZ79: - | BA79: - | BB79: - | BC79: -
A80: 3107453-01 | D80: HOUSING | E80: 1 | F80: 14047.55 | G80: REPARÁVEL | H80: 0 | K80: 0 | L80: 0 | M80: 0 | N80: 0 | O80: 0 | P80: 0 | Q80: 0 | R80: 0 | S80: 0 | T80: 0 | U80: 0 | V80: 0 | W80: 0 | X80: 0 | AG80: - | AH80: - | AI80: - | AJ80: - | AK80: - | AL80: - | AM80: - | AO80: 0 | AW80: - | AX80: - | AY80: - | AZ80: - | BA80: - | BB80: - | BC80: -
A81: 324843-2020 | D81: HEADSET-MICROPHONE HEADSET-MICROPHONE PHONE-MICROPHONE ASSY | E81: 2 | F81: 484.87 | G81: REPARÁVEL | H81: 23 | K81: 23 | L81: 0 | M81: 0 | N81: 0 | O81: 0 | P81: 0 | Q81: 0 | R81: 0 | S81: 0 | T81: 0 | U81: 0 | V81: 0 | W81: 0 | X81: 0 | Z81: 2 | AA81: 4 | AB81: 3 | AC81: 3 | AD81: 4 | AE81: 3 | AF81: 4 | AG81: - | AH81: - | AI81: - | AJ81: - | AK81: - | AL81: - | AM81: - | AO81: 23 | AP81: 2 | AQ81: 4 | AR81: 3 | AS81: 3 | AT81: 4 | AU81: 3 | AV81: 4 | AW81: - | AX81: - | AY81: - | AZ81: - | BA81: - | BB81: - | BC81: -
A82: 2606015-2 | D82: IND OIL TEMP/P INDICATOR-OIL TEMP/OIL PRESS | E82: 1 | F82: 3240.9 | G82: REPARÁVEL | H82: 8 | K82: 8 | L82: 0 | M82: 0 | N82: 0 | O82: 0 | P82: 0 | Q82: 0 | R82: 0 | S82: 0 | T82: 0 | U82: 0 | V82: 0 | W82: 0 | X82: 0 | Z82: 1 | AA82: 1 | AB82: 1 | AC82: 1 | AD82: 1 | AE82: 2 | AF82: 1 | AG82: - | AH82: - | AI82: - | AJ82: - | AK82: - | AL82: - | AM82: - | AO82: 8 | AP82: 1 | AQ82: 1 | AR82: 1 | AS82: 1 | AT82: 1 | AU82: 2 | AV82: 1 | AW82: - | AX82: - | AY82: - | AZ82: - | BA82: - | BB82: - | BC82: -
A83: 2606014-1 | C83: 26055 | D83: INDICATOR PROPELLER RPM | E83: 1 | F83: 1157.17 | G83: REPARÁVEL | H83: 5 | K83: 4 | L83: 0 | M83: 0 | N83: 0 | O83: 1 | P83: 0 | Q83: 0 | R83: 0 | S83: 0 | T83: 0 | U83: 0 | V83: 0 | W83: 0 | X83: 0 | Z83: 1 | AA83: 1 | AB83: 1 | AC83: 1 | AE83: 1 | AG83: - | AH83: - | AI83: - | AJ83: - | AK83: - | AL83: - | AM83: - | AO83: 6 | AP83: 1 | AQ83: 1 | AR83: 1 | AS83: 1 | AT83: 1 | AU83: 1 | AW83: - | AX83: - | AY83: - | AZ83: - | BA83: - | BB83: - | BC83: -
A84: 066-1069-00 | C84: 22373 | D84: INDICATOR BEARING-DISTANCE-HEADING (KDI572) | E84: 1 | F84: 1297 | G84: REPARÁVEL | H84: 0 | K84: 0 | L84: 0 | M84: 0 | N84: 0 | O84: 0 | P84: 0 | Q84: 0 | R84: 0 | S84: 0 | T84: 0 | U84: 0 | V84: 0 | W84: 0 | X84: 0 | AG84: - | AH84: - | AI84: - | AJ84: - | AK84: - | AL84: - | AM84: - | AO84: 4 | AQ84: 1 | AR84: 1 | AS84: 1 | AU84: 1 | AW84: - | AX84: - | AY84: - | AZ84: - | BA84: - | BB84: - | BC84: -
A85: 9910338-8 | D85: INDICATOR FUEL FLOW | E85: 1 | F85: 6777.64 | G85: REPARÁVEL | H85: 0 | K85: 0 | L85: 0 | M85: 0 | N85: 0 | O85: 0 | P85: 0 | Q85: 0 | R85: 0 | S85: 0 | T85: 0 | U85: 0 | V85: 0 | W85: 0 | X85: 0 | AG85: - | AH85: - | AI85: - | AJ85: - | AK85: - | AL85: - | AM85: - | AO85: 0 | AW85: - | AX85: - | AY85: - | AZ85: - | BA85: - | BB85: - | BC85: -
A86: S3326-2 | D86: INDICATOR HORIZONTAL SITUATION INDICATOR COURSE DEVIATION | E86: 1 | F86: 2617.63 | G86: REPARÁVEL | H86: 7 | K86: 6 | L86: 0 | M86: 0 | N86: 0 | O86: 0 | P86: 1 | Q86: 0 | R86: 0 | S86: 0 | T86: 0 | U86: 0 | V86: 0 | W86: 0 | X86: 0 | Z86: - | AA86: 2 | AB86: - | AC86: - | AD86: 3 | AE86: - | AF86: 2 | AG86: - | AH86: - | AI86: - | AJ86: - | AK86: - | AL86: - | AM86: - | AO86: 7 | AP86: - | AQ86: 2 | AR86: - | AS86: - | AT86: 3 | AU86: - | AV86: 2 | AW86: - | AX86: - | AY86: - | AZ86: - | BA86: - | BB86: - | BC86: -
A87: 066-3054-01 | C87: 22373 | D87: INDICATOR RADAR ALTIMETER - TYPE KI250 | E87: 1 | F87: 1374.63 | G87: REPARÁVEL | H87: 0 | K87: 0 | L87: 0 | M87: 0 | N87: 0 | O87: 0 | P87: 0 | Q87: 0 | R87: 0 | S87: 0 | T87: 0 | U87: 0 | V87: 0 | W87: 0 | X87: 0 | AG87: - | AH87: - | AI87: - | AJ87: - | AK87: - | AL87: - | AM87: - | AO87: 4 | AQ87: 1 | AT87: 1 | AU87: 1 | AV87: 1 | AW87: - | AX87: - | AY87: - | AZ87: - | BA87: - | BB87: - | BC87: -
A88: 066-3038-00 | D88: INDICATOR RADIO-MAGNETIC COMPASS - MODEL KI229 | E88: 1 | F88: 2500 | G88: REPARÁVEL | H88: 7 | K88: 6 | L88: 0 | M88: 0 | N88: 0 | O88: 0 | P88: 0 | Q88: 0 | R88: 1 | S88: 0 | T88: 0 | U88: 0 | V88: 0 | W88: 0 | X88: 0 | Z88: 1 | AA88: 1 | AB88: 1 | AC88: 1 | AD88: 1 | AE88: 1 | AF88: 1 | AG88: - | AH88: - | AI88: - | AJ88: - | AK88: - | AL88: - | AM88: - | AO88: 7 | AP88: 1 | AQ88: 1 | AR88: 1 | AS88: 1 | AT88: 1 | AU88: 1 | AV88: 1 | AW88: - | AX88: - | AY88: - | AZ88: - | BA88: - | BB88: - | BC88: -
A89: C661035-0101 | D89: INDICATOR VERTICAL VELOCITY | E89: 1 | F89: 751.71 | G89: REPARÁVEL | H89: 3 | K89: 3 | L89: 0 | M89: 0 | N89: 0 | O89: 0 | P89: 0 | Q89: 0 | R89: 0 | S89: 0 | T89: 0 | U89: 0 | V89: 0 | W89: 0 | X89: 0 | AA89: 1 | AB89: 1 | AE89: 1 | AG89: - | AH89: - | AI89: - | AJ89: - | AK89: - | AL89: - | AM89: - | AO89: 3 | AQ89: 1 | AR89: 1 | AU89: 1 | AW89: - | AX89: - | AY89: - | AZ89: - | BA89: - | BB89: - | BC89: -
A90: 2606012-1 | D90: INDICATOR-INTER-TURBINE TEMPERATURE | E90: 1 | F90: 5457.72 | G90: REPARÁVEL | H90: 8 | K90: 7 | L90: 0 | M90: 0 | N90: 0 | O90: 0 | P90: 0 | Q90: 0 | R90: 0 | S90: 1 | T90: 0 | U90: 0 | V90: 0 | W90: 0 | X90: 0 | Z90: 1 | AA90: 1 | AB90: 1 | AC90: 1 | AD90: 1 | AE90: 2 | AF90: 1 | AG90: - | AH90: - | AI90: - | AJ90: - | AK90: - | AL90: - | AM90: - | AO90: 8 | AP90: 1 | AQ90: 1 | AR90: 1 | AS90: 1 | AT90: 1 | AU90: 2 | AV90: 1 | AW90: - | AX90: - | AY90: - | AZ90: - | BA90: - | BB90: - | BC90: -
A91: C163030-1001 | C91: 7EK50 | D91: MAIN W BRAKE A | E91: 2 | F91: 1725.65 | G91: REPARÁVEL | H91: 3 | K91: 3 | L91: 0 | M91: 0 | N91: 0 | O91: 0 | P91: 0 | Q91: 0 | R91: 0 | S91: 0 | T91: 0 | U91: 0 | V91: 0 | W91: 0 | X91: 0 | AA91: 1 | AD91: 1 | AF91: 1 | AG91: - | AH91: - | AI91: - | AJ91: - | AK91: - | AL91: - | AM91: - | AO91: 8 | AP91: 1 | AQ91: 1 | AR91: 1 | AS91: 1 | AT91: 2 | AU91: 1 | AV91: 1 | AW91: - | AX91: - | AY91: - | AZ91: - | BA91: - | BB91: - | BC91: -
A92: 3106347-01 | D92: MANIFOLD FLUID AIRCRAFT | E92: 12 | F92: 3043.8 | G92: REPARÁVEL | H92: 35 | K92: 35 | L92: 0 | M92: 0 | N92: 0 | O92: 0 | P92: 0 | Q92: 0 | R92: 0 | S92: 0 | T92: 0 | U92: 0 | V92: 0 | W92: 0 | X92: 0 | Z92: 3 | AA92: 4 | AB92: 4 | AC92: 3 | AD92: 11 | AE92: 4 | AF92: 6 | AG92: - | AH92: - | AI92: - | AJ92: - | AK92: - | AL92: - | AM92: - | AO92: 35 | AP92: 3 | AQ92: 4 | AR92: 4 | AS92: 3 | AT92: 11 | AU92: 4 | AV92: 6 | AW92: - | AX92: - | AY92: - | AZ92: - | BA92: - | BB92: - | BC92: -
A93: 069-01034-0102 | D93: NAVIGATION SET SATELLITE SIGNALS KLN-94 | E93: 1 | F93: 4750 | G93: REPARÁVEL | H93: 0 | K93: 0 | L93: 0 | M93: 0 | N93: 0 | O93: 0 | P93: 0 | Q93: 0 | R93: 0 | S93: 0 | T93: 0 | U93: 0 | V93: 0 | W93: 0 | X93: 0 | Z93: - | AB93: - | AC93: - | AE93: - | AG93: - | AH93: - | AI93: - | AJ93: - | AK93: - | AL93: - | AM93: - | AO93: 0 | AP93: - | AR93: - | AS93: - | AU93: - | AW93: - | AX93: - | AY93: - | AZ93: - | BA93: - | BB93: - | BC93: -
A94: 011-00412-00 | D94: RECEIVER | E94: 1 | F94: 4884.93 | G94: REPARÁVEL | H94: 3 | K94: 3 | L94: 0 | M94: 0 | N94: 0 | O94: 0 | P94: 0 | Q94: 0 | R94: 0 | S94: 0 | T94: 0 | U94: 0 | V94: 0 | W94: 0 | X94: 0 | AA94: 1 | AD94: 1 | AF94: 1 | AG94: - | AH94: - | AI94: - | AJ94: - | AK94: - | AL94: - | AM94: - | AO94: 3 | AQ94: 1 | AT94: 1 | AV94: 1 | AW94: - | AX94: - | AY94: - | AZ94: - | BA94: - | BB94: - | BC94: -
A95: 011-00054-00 | D95: RECEIVER COORDINATE DATA | E95: 1 | F95: 272.44 | G95: REPARÁVEL | H95: 19 | K95: 18 | L95: 0 | M95: 1 | N95: 0 | O95: 0 | P95: 0 | Q95: 0 | R95: 0 | S95: 0 | T95: 0 | U95: 0 | V95: 0 | W95: 0 | X95: 0 | Z95: 2 | AA95: 3 | AB95: 3 | AC95: 2 | AD95: 3 | AE95: 3 | AF95: 3 | AG95: - | AH95: - | AI95: - | AJ95: - | AK95: - | AL95: - | AM95: - | AO95: 19 | AP95: 2 | AQ95: 3 | AR95: 3 | AS95: 2 | AT95: 3 | AU95: 3 | AV95: 3 | AW95: - | AX95: - | AY95: - | AZ95: - | BA95: - | BB95: - | BC95: -
A96: 066-01148-0101 | D96: RECEIVER GPS KLN-89B | E96: 1 | F96: 2206.8 | G96: REPARÁVEL | H96: 5 | K96: 5 | L96: 0 | M96: 0 | N96: 0 | O96: 0 | P96: 0 | Q96: 0 | R96: 0 | S96: 0 | T96: 0 | U96: 0 | V96: 0 | W96: 0 | X96: 0 | AA96: 1 | AB96: 1 | AD96: 1 | AE96: 1 | AF96: 1 | AG96: - | AH96: - | AI96: - | AJ96: - | AK96: - | AL96: - | AM96: - | AO96: 5 | AQ96: 1 | AR96: 1 | AT96: 1 | AU96: 1 | AV96: 1 | AW96: - | AX96: - | AY96: - | AZ96: - | BA96: - | BB96: - | BC96: -
A97: 065-0058-01 | C97: 22373 | D97: REMOTE MODE | E97: 1 | F97: 600 | G97: REPARÁVEL | H97: 5 | K97: 4 | L97: 0 | M97: 0 | N97: 0 | O97: 0 | P97: 0 | Q97: 0 | R97: 0 | S97: 0 | T97: 0 | U97: 0 | V97: 1 | W97: 0 | X97: 0 | AA97: 1 | AB97: 1 | AD97: 1 | AE97: 1 | AF97: 1 | AG97: - | AH97: - | AI97: - | AJ97: - | AK97: - | AL97: - | AM97: - | AO97: 7 | AP97: 1 | AQ97: 1 | AR97: 1 | AS97: 1 | AT97: 1 | AU97: 1 | AV97: 1 | AW97: - | AX97: - | AY97: - | AZ97: - | BA97: - | BB97: - | BC97: -
A98: 76-207-1 | D98: SENSOR FUEL LEVEL | E98: 1 | F98: 2428.1 | G98: REPARÁVEL | H98: 40 | K98: 40 | L98: 0 | M98: 0 | N98: 0 | O98: 0 | P98: 0 | Q98: 0 | R98: 0 | S98: 0 | T98: 0 | U98: 0 | V98: 0 | W98: 0 | X98: 0 | Z98: 4 | AA98: 5 | AB98: 4 | AC98: 4 | AD98: 12 | AE98: 5 | AF98: 6 | AG98: - | AH98: - | AI98: - | AJ98: - | AK98: - | AL98: - | AM98: - | AO98: 40 | AP98: 4 | AQ98: 5 | AR98: 4 | AS98: 4 | AT98: 12 | AU98: 5 | AV98: 6 | AW98: - | AX98: - | AY98: - | AZ98: - | BA98: - | BB98: - | BC98: -
A99: 2643007-1 | D99: SHIMMY DAMP AS SHIMMY DAMPENE SHIMMY DAMPENER ASSY | E99: 1 | F99: 1268.85 | G99: REPARÁVEL | H99: 16 | K99: 16 | L99: 0 | M99: 0 | N99: 0 | O99: 0 | P99: 0 | Q99: 0 | R99: 0 | S99: 0 | T99: 0 | U99: 0 | V99: 0 | W99: 0 | X99: 0 | Z99: 2 | AA99: 2 | AB99: 2 | AC99: 2 | AD99: 3 | AE99: 2 | AF99: 3 | AG99: - | AH99: - | AI99: - | AJ99: - | AK99: - | AL99: - | AM99: - | AO99: 16 | AP99: 2 | AQ99: 2 | AR99: 2 | AS99: 2 | AT99: 3 | AU99: 2 | AV99: 3 | AW99: - | AX99: - | AY99: - | AZ99: - | BA99: - | BB99: - | BC99: -
A100: RFN3934 | C100: 198 | D100: T5 SET | E100: 1 | F100: 344.08 | G100: REPARÁVEL | H100: 4 | K100: 4 | L100: 0 | M100: 0 | N100: 0 | O100: 0 | P100: 0 | Q100: 0 | R100: 0 | S100: 0 | T100: 0 | U100: 0 | V100: 0 | W100: 0 | X100: 0 | AA100: 1 | AD100: 1 | AE100: 1 | AF100: 1 | AG100: - | AH100: - | AI100: - | AJ100: - | AK100: - | AL100: - | AM100: - | AO100: 7 | AP100: 1 | AQ100: 1 | AR100: 1 | AS100: 1 | AT100: 1 | AU100: 1 | AV100: 1 | AW100: - | AX100: - | AY100: - | AZ100: - | BA100: - | BB100: - | BC100: -
...

Sheet Divulgação
B1: HOJE: | D1: =TODAY() -> 46310
B2: DATA DE DOWNLOAD SILOMS | D2: 46296
B3: INFORMAÇÕES DO SILOMS | L3: INFORMAÇÕES DA EMPRESA | T3: COMREC/ACERTO VIRTUAL
A4: Qt | B4: OS | C4: PN | D4: CFF | E4: NOMENCLATURA | F4: SN | G4: DATA INICIO | H4: UNIDADE SOLIC. | I4: ST_OS | J4: TAT SILOMS | K4: OBSERVAÇÃO COORDENADORIA / FISCAL | L4: TAT | M4: OBSERVAÇÃO VEE ONE | N4: Data de devolução empresa | O4: ONDE SE ENCONTRA | P4: RECIBO CASO TENHA | Q4: CONDIÇÃO | R4: SN TROCADO (EXCHANGE) | T4: TERMO DE RECEBIMENTO | U4: TERMO DE RECEBIMENTO | V4: DATA DO TERMO | W4: RECEBIMENTO DO TERMO | X4: SOLICITAR ACERTO à Vee One | Y4: SOLICITAR CONCLUSÃO OS | Z4: OS CONCLUÍDA | AA4: SOLICITAR RECEBIMENTO | AB4: ITEM RECEBIDO | AC4: SOLICITAR ARMAZENAGEM | AD4: ITEM ARMAZENADO | AE4: TRANSFERIR E SOLICITAR ATENDIMENTO TSAU | AF4: SOLICITAR TRANSFERÊNCIA TSAE | AG4: ENVIO | AH4: SOL REC OPERADOR | AI4: REC OPERADOR
A5: 1 | B5: 3040249831 | C5: {=IFERROR(_xlfn.XLOOKUP($B5,'Histórico'!$B:$B,'Histórico'!$I:$I),"")} -> 066-01141-5101 | D5: {=IFERROR(_xlfn.XLOOKUP($B5,'Histórico'!$B:$B,'Histórico'!$J:$J),"")} -> 22373 | E5: {=IFERROR(_xlfn.XLOOKUP($B5,'Histórico'!$B:$B,'Histórico'!$K:$K),"")} -> RECEIVER-TRANSMITTER,RADIO (KT71) | F5: {=IFERROR(_xlfn.XLOOKUP($B5,'Histórico'!$B:$B,'Histórico'!$L:$L),"")} -> 3859 | G5: {=IFERROR(_xlfn.XLOOKUP($B5,'Histórico'!$B:$B,'Histórico'!$F:$F),"")} -> 10/02/2025 | H5: {=IFERROR(_xlfn.XLOOKUP($B5,'Histórico'!$B:$B,'Histórico'!$AA:$AA),"")} -> PAMALS | I5: {=IFERROR(_xlfn.XLOOKUP($B5,Atual!$B:$B,Atual!$E:$E),"OS concluída")} -> REC | J5: =IF(G5="","",IF(I5="OS concluída","",$D$1-G5)) -> 612 | L5: =IF(N5="","",IFERROR(N5-G5,"NÃO APLICÁVEL")) -> NÃO APLICÁVEL | N5: {=IFERROR(_xlfn.XLOOKUP($B5,EMPRESA_1!A:A,EMPRESA_1!J:J),"")} -> EM REPARO | O5: {=IFERROR(_xlfn.XLOOKUP(B5,EMPRESA_1!A:A,EMPRESA_1!K:K),"")} -> LEAP | P5: {=IFERROR(_xlfn.XLOOKUP(B5,EMPRESA_1!A:A,EMPRESA_1!L:L),"")} | Q5: {=IFERROR(_xlfn.XLOOKUP(B5,EMPRESA_1!A:A,EMPRESA_1!J:J),"")} -> EM REPARO | R5: {=IFERROR(_xlfn.XLOOKUP(B5,EMPRESA_1!A:A,EMPRESA_1!M:M),"")} | T5: {=IFERROR(_xlfn.XLOOKUP($F5,'Acerto virtual'!$E:$E,'Acerto virtual'!F:F),"")} | U5: {=IFERROR(_xlfn.XLOOKUP($F5,'Acerto virtual'!$E:$E,'Acerto virtual'!G:G),"")} | V5: {=IFERROR(_xlfn.XLOOKUP($F5,'Acerto virtual'!$E:$E,'Acerto virtual'!H:H),"")} | W5: {=IFERROR(_xlfn.XLOOKUP($F5,'Acerto virtual'!$E:$E,'Acerto virtual'!I:I),"")} | X5: {=IFERROR(_xlfn.XLOOKUP($F5,'Acerto virtual'!$E:$E,'Acerto virtual'!J:J),"")} | Y5: {=IFERROR(_xlfn.XLOOKUP($F5,'Acerto virtual'!$E:$E,'Acerto virtual'!K:K),"")} | Z5: {=IFERROR(_xlfn.XLOOKUP($F5,'Acerto virtual'!$E:$E,'Acerto virtual'!L:L),"")} | AA5: {=IFERROR(_xlfn.XLOOKUP($F5,'Acerto virtual'!$E:$E,'Acerto virtual'!M:M),"")} | AB5: {=IFERROR(_xlfn.XLOOKUP($F5,'Acerto virtual'!$E:$E,'Acerto virtual'!N:N),"")} | AC5: {=IFERROR(_xlfn.XLOOKUP($F5,'Acerto virtual'!$E:$E,'Acerto virtual'!O:O),"")} | AD5: {=IFERROR(_xlfn.XLOOKUP($F5,'Acerto virtual'!$E:$E,'Acerto virtual'!P:P),"")} | AE5: {=IFERROR(_xlfn.XLOOKUP($F5,'Acerto virtual'!$E:$E,'Acerto virtual'!Q:Q),"")} | AF5: {=IFERROR(_xlfn.XLOOKUP($F5,'Acerto virtual'!$E:$E,'Acerto virtual'!R:R),"")} | AG5: {=IFERROR(_xlfn.XLOOKUP($F5,'Acerto virtual'!$E:$E,'Acerto virtual'!S:S),"")} | AH5: {=IFERROR(_xlfn.XLOOKUP($F5,'Acerto virtual'!$E:$E,'Acerto virtual'!T:T),"")} | AI5: {=IFERROR(_xlfn.XLOOKUP($F5,'Acerto virtual'!$E:$E,'Acerto virtual'!U:U),"")}
A6: 2 | B6: 3040250248 | C6: {=IFERROR(_xlfn.XLOOKUP($B6,'Histórico'!$B:$B,'Histórico'!$I:$I),"")} -> 452-0133 | D6: {=IFERROR(_xlfn.XLOOKUP($B6,'Histórico'!$B:$B,'Histórico'!$J:$J),"")} -> 78286 | E6: {=IFERROR(_xlfn.XLOOKUP($B6,'Histórico'!$B:$B,'Histórico'!$K:$K),"")} -> BATTERY,NONRECHARGEABLE | F6: {=IFERROR(_xlfn.XLOOKUP($B6,'Histórico'!$B:$B,'Histórico'!$L:$L),"")} -> 382750-016 | G6: {=IFERROR(_xlfn.XLOOKUP($B6,'Histórico'!$B:$B,'Histórico'!$F:$F),"")} -> 26/02/2025 | H6: {=IFERROR(_xlfn.XLOOKUP($B6,'Histórico'!$B:$B,'Histórico'!$AA:$AA),"")} -> BABR | I6: {=IFERROR(_xlfn.XLOOKUP($B6,Atual!$B:$B,Atual!$E:$E),"OS concluída")} -> REC | J6: =IF(G6="","",IF(I6="OS concluída","",$D$1-G6)) -> 596 | L6: =IF(N6="","",IFERROR(N6-G6,"NÃO APLICÁVEL")) -> NÃO APLICÁVEL | N6: {=IFERROR(_xlfn.XLOOKUP($B6,EMPRESA_1!A:A,EMPRESA_1!J:J),"")} -> CONDENADO | O6: {=IFERROR(_xlfn.XLOOKUP(B6,EMPRESA_1!A:A,EMPRESA_1!K:K),"")} -> VEE ONE | P6: {=IFERROR(_xlfn.XLOOKUP(B6,EMPRESA_1!A:A,EMPRESA_1!L:L),"")} | Q6: {=IFERROR(_xlfn.XLOOKUP(B6,EMPRESA_1!A:A,EMPRESA_1!J:J),"")} -> CONDENADO | R6: {=IFERROR(_xlfn.XLOOKUP(B6,EMPRESA_1!A:A,EMPRESA_1!M:M),"")} | T6: {=IFERROR(_xlfn.XLOOKUP($F6,'Acerto virtual'!$E:$E,'Acerto virtual'!F:F),"")} | U6: {=IFERROR(_xlfn.XLOOKUP($F6,'Acerto virtual'!$E:$E,'Acerto virtual'!G:G),"")} | V6: {=IFERROR(_xlfn.XLOOKUP($F6,'Acerto virtual'!$E:$E,'Acerto virtual'!H:H),"")} | W6: {=IFERROR(_xlfn.XLOOKUP($F6,'Acerto virtual'!$E:$E,'Acerto virtual'!I:I),"")} | X6: {=IFERROR(_xlfn.XLOOKUP($F6,'Acerto virtual'!$E:$E,'Acerto virtual'!J:J),"")} | Y6: {=IFERROR(_xlfn.XLOOKUP($F6,'Acerto virtual'!$E:$E,'Acerto virtual'!K:K),"")} | Z6: {=IFERROR(_xlfn.XLOOKUP($F6,'Acerto virtual'!$E:$E,'Acerto virtual'!L:L),"")} | AA6: {=IFERROR(_xlfn.XLOOKUP($F6,'Acerto virtual'!$E:$E,'Acerto virtual'!M:M),"")} | AB6: {=IFERROR(_xlfn.XLOOKUP($F6,'Acerto virtual'!$E:$E,'Acerto virtual'!N:N),"")} | AC6: {=IFERROR(_xlfn.XLOOKUP($F6,'Acerto virtual'!$E:$E,'Acerto virtual'!O:O),"")} | AD6: {=IFERROR(_xlfn.XLOOKUP($F6,'Acerto virtual'!$E:$E,'Acerto virtual'!P:P),"")} | AE6: {=IFERROR(_xlfn.XLOOKUP($F6,'Acerto virtual'!$E:$E,'Acerto virtual'!Q:Q),"")} | AF6: {=IFERROR(_xlfn.XLOOKUP($F6,'Acerto virtual'!$E:$E,'Acerto virtual'!R:R),"")} | AG6: {=IFERROR(_xlfn.XLOOKUP($F6,'Acerto virtual'!$E:$E,'Acerto virtual'!S:S),"")} | AH6: {=IFERROR(_xlfn.XLOOKUP($F6,'Acerto virtual'!$E:$E,'Acerto virtual'!T:T),"")} | AI6: {=IFERROR(_xlfn.XLOOKUP($F6,'Acerto virtual'!$E:$E,'Acerto virtual'!U:U),"")}
A7: 3 | B7: 3040250249 | C7: {=IFERROR(_xlfn.XLOOKUP($B7,'Histórico'!$B:$B,'Histórico'!$I:$I),"")} -> 452-0133 | D7: {=IFERROR(_xlfn.XLOOKUP($B7,'Histórico'!$B:$B,'Histórico'!$J:$J),"")} -> 78286 | E7: {=IFERROR(_xlfn.XLOOKUP($B7,'Histórico'!$B:$B,'Histórico'!$K:$K),"")} -> BATTERY,NONRECHARGEABLE | F7: {=IFERROR(_xlfn.XLOOKUP($B7,'Histórico'!$B:$B,'Histórico'!$L:$L),"")} -> 382750-023 | G7: {=IFERROR(_xlfn.XLOOKUP($B7,'Histórico'!$B:$B,'Histórico'!$F:$F),"")} -> 26/02/2025 | H7: {=IFERROR(_xlfn.XLOOKUP($B7,'Histórico'!$B:$B,'Histórico'!$AA:$AA),"")} -> BAMN | I7: {=IFERROR(_xlfn.XLOOKUP($B7,Atual!$B:$B,Atual!$E:$E),"OS concluída")} -> REC | J7: =IF(G7="","",IF(I7="OS concluída","",$D$1-G7)) -> 596 | L7: =IF(N7="","",IFERROR(N7-G7,"NÃO APLICÁVEL")) -> NÃO APLICÁVEL | N7: {=IFERROR(_xlfn.XLOOKUP($B7,EMPRESA_1!A:A,EMPRESA_1!J:J),"")} -> CONDENADO | O7: {=IFERROR(_xlfn.XLOOKUP(B7,EMPRESA_1!A:A,EMPRESA_1!K:K),"")} -> VEE ONE | P7: {=IFERROR(_xlfn.XLOOKUP(B7,EMPRESA_1!A:A,EMPRESA_1!L:L),"")} | Q7: {=IFERROR(_xlfn.XLOOKUP(B7,EMPRESA_1!A:A,EMPRESA_1!J:J),"")} -> CONDENADO | R7: {=IFERROR(_xlfn.XLOOKUP(B7,EMPRESA_1!A:A,EMPRESA_1!M:M),"")} | T7: {=IFERROR(_xlfn.XLOOKUP($F7,'Acerto virtual'!$E:$E,'Acerto virtual'!F:F),"")} | U7: {=IFERROR(_xlfn.XLOOKUP($F7,'Acerto virtual'!$E:$E,'Acerto virtual'!G:G),"")} | V7: {=IFERROR(_xlfn.XLOOKUP($F7,'Acerto virtual'!$E:$E,'Acerto virtual'!H:H),"")} | W7: {=IFERROR(_xlfn.XLOOKUP($F7,'Acerto virtual'!$E:$E,'Acerto virtual'!I:I),"")} | X7: {=IFERROR(_xlfn.XLOOKUP($F7,'Acerto virtual'!$E:$E,'Acerto virtual'!J:J),"")} | Y7: {=IFERROR(_xlfn.XLOOKUP($F7,'Acerto virtual'!$E:$E,'Acerto virtual'!K:K),"")} | Z7: {=IFERROR(_xlfn.XLOOKUP($F7,'Acerto virtual'!$E:$E,'Acerto virtual'!L:L),"")} | AA7: {=IFERROR(_xlfn.XLOOKUP($F7,'Acerto virtual'!$E:$E,'Acerto virtual'!M:M),"")} | AB7: {=IFERROR(_xlfn.XLOOKUP($F7,'Acerto virtual'!$E:$E,'Acerto virtual'!N:N),"")} | AC7: {=IFERROR(_xlfn.XLOOKUP($F7,'Acerto virtual'!$E:$E,'Acerto virtual'!O:O),"")} | AD7: {=IFERROR(_xlfn.XLOOKUP($F7,'Acerto virtual'!$E:$E,'Acerto virtual'!P:P),"")} | AE7: {=IFERROR(_xlfn.XLOOKUP($F7,'Acerto virtual'!$E:$E,'Acerto virtual'!Q:Q),"")} | AF7: {=IFERROR(_xlfn.XLOOKUP($F7,'Acerto virtual'!$E:$E,'Acerto virtual'!R:R),"")} | AG7: {=IFERROR(_xlfn.XLOOKUP($F7,'Acerto virtual'!$E:$E,'Acerto virtual'!S:S),"")} | AH7: {=IFERROR(_xlfn.XLOOKUP($F7,'Acerto virtual'!$E:$E,'Acerto virtual'!T:T),"")} | AI7: {=IFERROR(_xlfn.XLOOKUP($F7,'Acerto virtual'!$E:$E,'Acerto virtual'!U:U),"")}
A8: 4 | B8: 3040250234 | C8: {=IFERROR(_xlfn.XLOOKUP($B8,'Histórico'!$B:$B,'Histórico'!$I:$I),"")} -> 3034792 | D8: {=IFERROR(_xlfn.XLOOKUP($B8,'Histórico'!$B:$B,'Histórico'!$J:$J),"")} -> 00198 | E8: {=IFERROR(_xlfn.XLOOKUP($B8,'Histórico'!$B:$B,'Histórico'!$K:$K),"")} -> BOMBA DE COMBUSTÍVEL | F8: {=IFERROR(_xlfn.XLOOKUP($B8,'Histórico'!$B:$B,'Histórico'!$L:$L),"")} -> 003342 | G8: {=IFERROR(_xlfn.XLOOKUP($B8,'Histórico'!$B:$B,'Histórico'!$F:$F),"")} -> 26/02/2025 | H8: {=IFERROR(_xlfn.XLOOKUP($B8,'Histórico'!$B:$B,'Histórico'!$AA:$AA),"")} -> PAMALS | I8: {=IFERROR(_xlfn.XLOOKUP($B8,Atual!$B:$B,Atual!$E:$E),"OS concluída")} -> REC | J8: =IF(G8="","",IF(I8="OS concluída","",$D$1-G8)) -> 596 | L8: =IF(N8="","",IFERROR(N8-G8,"NÃO APLICÁVEL")) -> 279 | N8: {=IFERROR(_xlfn.XLOOKUP($B8,EMPRESA_1!A:A,EMPRESA_1!J:J),"")} -> 45993 | O8: {=IFERROR(_xlfn.XLOOKUP(B8,EMPRESA_1!A:A,EMPRESA_1!K:K),"")} -> BANT | P8: {=IFERROR(_xlfn.XLOOKUP(B8,EMPRESA_1!A:A,EMPRESA_1!L:L),"")} -> 282/FAB/25 | Q8: {=IFERROR(_xlfn.XLOOKUP(B8,EMPRESA_1!A:A,EMPRESA_1!J:J),"")} -> 45993 | R8: {=IFERROR(_xlfn.XLOOKUP(B8,EMPRESA_1!A:A,EMPRESA_1!M:M),"")} | T8: {=IFERROR(_xlfn.XLOOKUP($F8,'Acerto virtual'!$E:$E,'Acerto virtual'!F:F),"")} | U8: {=IFERROR(_xlfn.XLOOKUP($F8,'Acerto virtual'!$E:$E,'Acerto virtual'!G:G),"")} | V8: {=IFERROR(_xlfn.XLOOKUP($F8,'Acerto virtual'!$E:$E,'Acerto virtual'!H:H),"")} | W8: {=IFERROR(_xlfn.XLOOKUP($F8,'Acerto virtual'!$E:$E,'Acerto virtual'!I:I),"")} | X8: {=IFERROR(_xlfn.XLOOKUP($F8,'Acerto virtual'!$E:$E,'Acerto virtual'!J:J),"")} | Y8: {=IFERROR(_xlfn.XLOOKUP($F8,'Acerto virtual'!$E:$E,'Acerto virtual'!K:K),"")} | Z8: {=IFERROR(_xlfn.XLOOKUP($F8,'Acerto virtual'!$E:$E,'Acerto virtual'!L:L),"")} | AA8: {=IFERROR(_xlfn.XLOOKUP($F8,'Acerto virtual'!$E:$E,'Acerto virtual'!M:M),"")} | AB8: {=IFERROR(_xlfn.XLOOKUP($F8,'Acerto virtual'!$E:$E,'Acerto virtual'!N:N),"")} | AC8: {=IFERROR(_xlfn.XLOOKUP($F8,'Acerto virtual'!$E:$E,'Acerto virtual'!O:O),"")} | AD8: {=IFERROR(_xlfn.XLOOKUP($F8,'Acerto virtual'!$E:$E,'Acerto virtual'!P:P),"")} | AE8: {=IFERROR(_xlfn.XLOOKUP($F8,'Acerto virtual'!$E:$E,'Acerto virtual'!Q:Q),"")} | AF8: {=IFERROR(_xlfn.XLOOKUP($F8,'Acerto virtual'!$E:$E,'Acerto virtual'!R:R),"")} | AG8: {=IFERROR(_xlfn.XLOOKUP($F8,'Acerto virtual'!$E:$E,'Acerto virtual'!S:S),"")} | AH8: {=IFERROR(_xlfn.XLOOKUP($F8,'Acerto virtual'!$E:$E,'Acerto virtual'!T:T),"")} | AI8: {=IFERROR(_xlfn.XLOOKUP($F8,'Acerto virtual'!$E:$E,'Acerto virtual'!U:U),"")}
A9: 5 | B9: 3040250816 | C9: {=IFERROR(_xlfn.XLOOKUP($B9,'Histórico'!$B:$B,'Histórico'!$I:$I),"")} -> 453-5060 | D9: {=IFERROR(_xlfn.XLOOKUP($B9,'Histórico'!$B:$B,'Histórico'!$J:$J),"")} -> 60253 | E9: {=IFERROR(_xlfn.XLOOKUP($B9,'Histórico'!$B:$B,'Histórico'!$K:$K),"")} -> BEACON,DISTRESS | F9: {=IFERROR(_xlfn.XLOOKUP($B9,'Histórico'!$B:$B,'Histórico'!$L:$L),"")} -> 09450 | G9: {=IFERROR(_xlfn.XLOOKUP($B9,'Histórico'!$B:$B,'Histórico'!$F:$F),"")} -> 20/03/2025 | H9: {=IFERROR(_xlfn.XLOOKUP($B9,'Histórico'!$B:$B,'Histórico'!$AA:$AA),"")} -> BAMN | I9: {=IFERROR(_xlfn.XLOOKUP($B9,Atual!$B:$B,Atual!$E:$E),"OS concluída")} -> REC | J9: =IF(G9="","",IF(I9="OS concluída","",$D$1-G9)) -> 574 | L9: =IF(N9="","",IFERROR(N9-G9,"NÃO APLICÁVEL")) -> 153 | N9: {=IFERROR(_xlfn.XLOOKUP($B9,EMPRESA_1!A:A,EMPRESA_1!J:J),"")} -> 45889 | O9: {=IFERROR(_xlfn.XLOOKUP(B9,EMPRESA_1!A:A,EMPRESA_1!K:K),"")} -> PAMA-LS | P9: {=IFERROR(_xlfn.XLOOKUP(B9,EMPRESA_1!A:A,EMPRESA_1!L:L),"")} -> 159/C98/2025 | Q9: {=IFERROR(_xlfn.XLOOKUP(B9,EMPRESA_1!A:A,EMPRESA_1!J:J),"")} -> 45889 | R9: {=IFERROR(_xlfn.XLOOKUP(B9,EMPRESA_1!A:A,EMPRESA_1!M:M),"")} | T9: {=IFERROR(_xlfn.XLOOKUP($F9,'Acerto virtual'!$E:$E,'Acerto virtual'!F:F),"")} | U9: {=IFERROR(_xlfn.XLOOKUP($F9,'Acerto virtual'!$E:$E,'Acerto virtual'!G:G),"")} | V9: {=IFERROR(_xlfn.XLOOKUP($F9,'Acerto virtual'!$E:$E,'Acerto virtual'!H:H),"")} | W9: {=IFERROR(_xlfn.XLOOKUP($F9,'Acerto virtual'!$E:$E,'Acerto virtual'!I:I),"")} | X9: {=IFERROR(_xlfn.XLOOKUP($F9,'Acerto virtual'!$E:$E,'Acerto virtual'!J:J),"")} | Y9: {=IFERROR(_xlfn.XLOOKUP($F9,'Acerto virtual'!$E:$E,'Acerto virtual'!K:K),"")} | Z9: {=IFERROR(_xlfn.XLOOKUP($F9,'Acerto virtual'!$E:$E,'Acerto virtual'!L:L),"")} | AA9: {=IFERROR(_xlfn.XLOOKUP($F9,'Acerto virtual'!$E:$E,'Acerto virtual'!M:M),"")} | AB9: {=IFERROR(_xlfn.XLOOKUP($F9,'Acerto virtual'!$E:$E,'Acerto virtual'!N:N),"")} | AC9: {=IFERROR(_xlfn.XLOOKUP($F9,'Acerto virtual'!$E:$E,'Acerto virtual'!O:O),"")} | AD9: {=IFERROR(_xlfn.XLOOKUP($F9,'Acerto virtual'!$E:$E,'Acerto virtual'!P:P),"")} | AE9: {=IFERROR(_xlfn.XLOOKUP($F9,'Acerto virtual'!$E:$E,'Acerto virtual'!Q:Q),"")} | AF9: {=IFERROR(_xlfn.XLOOKUP($F9,'Acerto virtual'!$E:$E,'Acerto virtual'!R:R),"")} | AG9: {=IFERROR(_xlfn.XLOOKUP($F9,'Acerto virtual'!$E:$E,'Acerto virtual'!S:S),"")} | AH9: {=IFERROR(_xlfn.XLOOKUP($F9,'Acerto virtual'!$E:$E,'Acerto virtual'!T:T),"")} | AI9: {=IFERROR(_xlfn.XLOOKUP($F9,'Acerto virtual'!$E:$E,'Acerto virtual'!U:U),"")}
A10: 6 | B10: 3040250830 | C10: {=IFERROR(_xlfn.XLOOKUP($B10,'Histórico'!$B:$B,'Histórico'!$I:$I),"")} -> 799-1 | D10: {=IFERROR(_xlfn.XLOOKUP($B10,'Histórico'!$B:$B,'Histórico'!$J:$J),"")} -> 83326 | E10: {=IFERROR(_xlfn.XLOOKUP($B10,'Histórico'!$B:$B,'Histórico'!$K:$K),"")} -> TRANSDUCER | F10: {=IFERROR(_xlfn.XLOOKUP($B10,'Histórico'!$B:$B,'Histórico'!$L:$L),"")} -> 1920 | G10: {=IFERROR(_xlfn.XLOOKUP($B10,'Histórico'!$B:$B,'Histórico'!$F:$F),"")} -> 20/03/2025 | H10: {=IFERROR(_xlfn.XLOOKUP($B10,'Histórico'!$B:$B,'Histórico'!$AA:$AA),"")} -> BACO | I10: {=IFERROR(_xlfn.XLOOKUP($B10,Atual!$B:$B,Atual!$E:$E),"OS concluída")} -> REC | J10: =IF(G10="","",IF(I10="OS concluída","",$D$1-G10)) -> 574 | L10: =IF(N10="","",IFERROR(N10-G10,"NÃO APLICÁVEL")) -> 112 | N10: {=IFERROR(_xlfn.XLOOKUP($B10,EMPRESA_1!A:A,EMPRESA_1!J:J),"")} -> 45848 | O10: {=IFERROR(_xlfn.XLOOKUP(B10,EMPRESA_1!A:A,EMPRESA_1!K:K),"")} -> BANT | P10: {=IFERROR(_xlfn.XLOOKUP(B10,EMPRESA_1!A:A,EMPRESA_1!L:L),"")} -> 103/C98/2025 | Q10: {=IFERROR(_xlfn.XLOOKUP(B10,EMPRESA_1!A:A,EMPRESA_1!J:J),"")} -> 45848 | R10: {=IFERROR(_xlfn.XLOOKUP(B10,EMPRESA_1!A:A,EMPRESA_1!M:M),"")} -> 148515‐04 | T10: {=IFERROR(_xlfn.XLOOKUP($F10,'Acerto virtual'!$E:$E,'Acerto virtual'!F:F),"")} | U10: {=IFERROR(_xlfn.XLOOKUP($F10,'Acerto virtual'!$E:$E,'Acerto virtual'!G:G),"")} | V10: {=IFERROR(_xlfn.XLOOKUP($F10,'Acerto virtual'!$E:$E,'Acerto virtual'!H:H),"")} | W10: {=IFERROR(_xlfn.XLOOKUP($F10,'Acerto virtual'!$E:$E,'Acerto virtual'!I:I),"")} | X10: {=IFERROR(_xlfn.XLOOKUP($F10,'Acerto virtual'!$E:$E,'Acerto virtual'!J:J),"")} | Y10: {=IFERROR(_xlfn.XLOOKUP($F10,'Acerto virtual'!$E:$E,'Acerto virtual'!K:K),"")} | Z10: {=IFERROR(_xlfn.XLOOKUP($F10,'Acerto virtual'!$E:$E,'Acerto virtual'!L:L),"")} | AA10: {=IFERROR(_xlfn.XLOOKUP($F10,'Acerto virtual'!$E:$E,'Acerto virtual'!M:M),"")} | AB10: {=IFERROR(_xlfn.XLOOKUP($F10,'Acerto virtual'!$E:$E,'Acerto virtual'!N:N),"")} | AC10: {=IFERROR(_xlfn.XLOOKUP($F10,'Acerto virtual'!$E:$E,'Acerto virtual'!O:O),"")} | AD10: {=IFERROR(_xlfn.XLOOKUP($F10,'Acerto virtual'!$E:$E,'Acerto virtual'!P:P),"")} | AE10: {=IFERROR(_xlfn.XLOOKUP($F10,'Acerto virtual'!$E:$E,'Acerto virtual'!Q:Q),"")} | AF10: {=IFERROR(_xlfn.XLOOKUP($F10,'Acerto virtual'!$E:$E,'Acerto virtual'!R:R),"")} | AG10: {=IFERROR(_xlfn.XLOOKUP($F10,'Acerto virtual'!$E:$E,'Acerto virtual'!S:S),"")} | AH10: {=IFERROR(_xlfn.XLOOKUP($F10,'Acerto virtual'!$E:$E,'Acerto virtual'!T:T),"")} | AI10: {=IFERROR(_xlfn.XLOOKUP($F10,'Acerto virtual'!$E:$E,'Acerto virtual'!U:U),"")}
A11: 7 | B11: 3040250829 | C11: {=IFERROR(_xlfn.XLOOKUP($B11,'Histórico'!$B:$B,'Histórico'!$I:$I),"")} -> 51539-012N | D11: {=IFERROR(_xlfn.XLOOKUP($B11,'Histórico'!$B:$B,'Histórico'!$J:$J),"")} -> 71379 | E11: {=IFERROR(_xlfn.XLOOKUP($B11,'Histórico'!$B:$B,'Histórico'!$K:$K),"")} -> CONTROL UNIT ASSY-GENERATOR | F11: {=IFERROR(_xlfn.XLOOKUP($B11,'Histórico'!$B:$B,'Histórico'!$L:$L),"")} -> 96967 | G11: {=IFERROR(_xlfn.XLOOKUP($B11,'Histórico'!$B:$B,'Histórico'!$F:$F),"")} -> 20/03/2025 | H11: {=IFERROR(_xlfn.XLOOKUP($B11,'Histórico'!$B:$B,'Histórico'!$AA:$AA),"")} -> BAMN | I11: {=IFERROR(_xlfn.XLOOKUP($B11,Atual!$B:$B,Atual!$E:$E),"OS concluída")} -> OS concluída | J11: =IF(G11="","",IF(I11="OS concluída","",$D$1-G11)) | L11: =IF(N11="","",IFERROR(N11-G11,"NÃO APLICÁVEL")) | N11: {=IFERROR(_xlfn.XLOOKUP($B11,Empresa!G:G,Empresa!K:K),"")} | P11: {=IFERROR(_xlfn.XLOOKUP($F11,'Vee one'!F:F,'Vee one'!O:O),"")} | Q11: {=IFERROR(_xlfn.XLOOKUP($F11,'Vee one'!F:F,'Vee one'!K:K),"")}
A12: 8 | B12: 3040250828 | C12: {=IFERROR(_xlfn.XLOOKUP($B12,'Histórico'!$B:$B,'Histórico'!$I:$I),"")} -> 51539-012N | D12: {=IFERROR(_xlfn.XLOOKUP($B12,'Histórico'!$B:$B,'Histórico'!$J:$J),"")} -> 71379 | E12: {=IFERROR(_xlfn.XLOOKUP($B12,'Histórico'!$B:$B,'Histórico'!$K:$K),"")} -> CONTROL UNIT ASSY-GENERATOR | F12: {=IFERROR(_xlfn.XLOOKUP($B12,'Histórico'!$B:$B,'Histórico'!$L:$L),"")} -> 2410 | G12: {=IFERROR(_xlfn.XLOOKUP($B12,'Histórico'!$B:$B,'Histórico'!$F:$F),"")} -> 20/03/2025 | H12: {=IFERROR(_xlfn.XLOOKUP($B12,'Histórico'!$B:$B,'Histórico'!$AA:$AA),"")} -> BACG | I12: {=IFERROR(_xlfn.XLOOKUP($B12,Atual!$B:$B,Atual!$E:$E),"OS concluída")} -> REC | J12: =IF(G12="","",IF(I12="OS concluída","",$D$1-G12)) -> 574 | L12: =IF(N12="","",IFERROR(N12-G12,"NÃO APLICÁVEL")) -> 362 | N12: {=IFERROR(_xlfn.XLOOKUP($B12,EMPRESA_1!A:A,EMPRESA_1!J:J),"")} -> 46098 | O12: {=IFERROR(_xlfn.XLOOKUP(B12,EMPRESA_1!A:A,EMPRESA_1!K:K),"")} -> BABR | P12: {=IFERROR(_xlfn.XLOOKUP(B12,EMPRESA_1!A:A,EMPRESA_1!L:L),"")} -> 208/FAB/26 | Q12: {=IFERROR(_xlfn.XLOOKUP(B12,EMPRESA_1!A:A,EMPRESA_1!J:J),"")} -> 46098 | R12: {=IFERROR(_xlfn.XLOOKUP(B12,EMPRESA_1!A:A,EMPRESA_1!M:M),"")} -> 99511 | T12: {=IFERROR(_xlfn.XLOOKUP($F12,'Acerto virtual'!$E:$E,'Acerto virtual'!F:F),"")} | U12: {=IFERROR(_xlfn.XLOOKUP($F12,'Acerto virtual'!$E:$E,'Acerto virtual'!G:G),"")} | V12: {=IFERROR(_xlfn.XLOOKUP($F12,'Acerto virtual'!$E:$E,'Acerto virtual'!H:H),"")} | W12: {=IFERROR(_xlfn.XLOOKUP($F12,'Acerto virtual'!$E:$E,'Acerto virtual'!I:I),"")} | X12: {=IFERROR(_xlfn.XLOOKUP($F12,'Acerto virtual'!$E:$E,'Acerto virtual'!J:J),"")} | Y12: {=IFERROR(_xlfn.XLOOKUP($F12,'Acerto virtual'!$E:$E,'Acerto virtual'!K:K),"")} | Z12: {=IFERROR(_xlfn.XLOOKUP($F12,'Acerto virtual'!$E:$E,'Acerto virtual'!L:L),"")} | AA12: {=IFERROR(_xlfn.XLOOKUP($F12,'Acerto virtual'!$E:$E,'Acerto virtual'!M:M),"")} | AB12: {=IFERROR(_xlfn.XLOOKUP($F12,'Acerto virtual'!$E:$E,'Acerto virtual'!N:N),"")} | AC12: {=IFERROR(_xlfn.XLOOKUP($F12,'Acerto virtual'!$E:$E,'Acerto virtual'!O:O),"")} | AD12: {=IFERROR(_xlfn.XLOOKUP($F12,'Acerto virtual'!$E:$E,'Acerto virtual'!P:P),"")} | AE12: {=IFERROR(_xlfn.XLOOKUP($F12,'Acerto virtual'!$E:$E,'Acerto virtual'!Q:Q),"")} | AF12: {=IFERROR(_xlfn.XLOOKUP($F12,'Acerto virtual'!$E:$E,'Acerto virtual'!R:R),"")} | AG12: {=IFERROR(_xlfn.XLOOKUP($F12,'Acerto virtual'!$E:$E,'Acerto virtual'!S:S),"")} | AH12: {=IFERROR(_xlfn.XLOOKUP($F12,'Acerto virtual'!$E:$E,'Acerto virtual'!T:T),"")} | AI12: {=IFERROR(_xlfn.XLOOKUP($F12,'Acerto virtual'!$E:$E,'Acerto virtual'!U:U),"")}
A13: 9 | B13: 3040250827 | C13: {=IFERROR(_xlfn.XLOOKUP($B13,'Histórico'!$B:$B,'Histórico'!$I:$I),"")} -> 51539-012N | D13: {=IFERROR(_xlfn.XLOOKUP($B13,'Histórico'!$B:$B,'Histórico'!$J:$J),"")} -> 71379 | E13: {=IFERROR(_xlfn.XLOOKUP($B13,'Histórico'!$B:$B,'Histórico'!$K:$K),"")} -> CONTROL UNIT ASSY-GENERATOR | F13: {=IFERROR(_xlfn.XLOOKUP($B13,'Histórico'!$B:$B,'Histórico'!$L:$L),"")} -> P1916 | G13: {=IFERROR(_xlfn.XLOOKUP($B13,'Histórico'!$B:$B,'Histórico'!$F:$F),"")} -> 20/03/2025 | H13: {=IFERROR(_xlfn.XLOOKUP($B13,'Histórico'!$B:$B,'Histórico'!$AA:$AA),"")} -> BANT | I13: {=IFERROR(_xlfn.XLOOKUP($B13,Atual!$B:$B,Atual!$E:$E),"OS concluída")} -> REC | J13: =IF(G13="","",IF(I13="OS concluída","",$D$1-G13)) -> 574 | L13: =IF(N13="","",IFERROR(N13-G13,"NÃO APLICÁVEL")) -> 378 | N13: {=IFERROR(_xlfn.XLOOKUP($B13,EMPRESA_1!A:A,EMPRESA_1!J:J),"")} -> 46114 | O13: {=IFERROR(_xlfn.XLOOKUP(B13,EMPRESA_1!A:A,EMPRESA_1!K:K),"")} -> BABR | P13: {=IFERROR(_xlfn.XLOOKUP(B13,EMPRESA_1!A:A,EMPRESA_1!L:L),"")} -> 271/FAB/26 | Q13: {=IFERROR(_xlfn.XLOOKUP(B13,EMPRESA_1!A:A,EMPRESA_1!J:J),"")} -> 46114 | R13: {=IFERROR(_xlfn.XLOOKUP(B13,EMPRESA_1!A:A,EMPRESA_1!M:M),"")} -> P2033 | T13: {=IFERROR(_xlfn.XLOOKUP($F13,'Acerto virtual'!$E:$E,'Acerto virtual'!F:F),"")} | U13: {=IFERROR(_xlfn.XLOOKUP($F13,'Acerto virtual'!$E:$E,'Acerto virtual'!G:G),"")} | V13: {=IFERROR(_xlfn.XLOOKUP($F13,'Acerto virtual'!$E:$E,'Acerto virtual'!H:H),"")} | W13: {=IFERROR(_xlfn.XLOOKUP($F13,'Acerto virtual'!$E:$E,'Acerto virtual'!I:I),"")} | X13: {=IFERROR(_xlfn.XLOOKUP($F13,'Acerto virtual'!$E:$E,'Acerto virtual'!J:J),"")} | Y13: {=IFERROR(_xlfn.XLOOKUP($F13,'Acerto virtual'!$E:$E,'Acerto virtual'!K:K),"")} | Z13: {=IFERROR(_xlfn.XLOOKUP($F13,'Acerto virtual'!$E:$E,'Acerto virtual'!L:L),"")} | AA13: {=IFERROR(_xlfn.XLOOKUP($F13,'Acerto virtual'!$E:$E,'Acerto virtual'!M:M),"")} | AB13: {=IFERROR(_xlfn.XLOOKUP($F13,'Acerto virtual'!$E:$E,'Acerto virtual'!N:N),"")} | AC13: {=IFERROR(_xlfn.XLOOKUP($F13,'Acerto virtual'!$E:$E,'Acerto virtual'!O:O),"")} | AD13: {=IFERROR(_xlfn.XLOOKUP($F13,'Acerto virtual'!$E:$E,'Acerto virtual'!P:P),"")} | AE13: {=IFERROR(_xlfn.XLOOKUP($F13,'Acerto virtual'!$E:$E,'Acerto virtual'!Q:Q),"")} | AF13: {=IFERROR(_xlfn.XLOOKUP($F13,'Acerto virtual'!$E:$E,'Acerto virtual'!R:R),"")} | AG13: {=IFERROR(_xlfn.XLOOKUP($F13,'Acerto virtual'!$E:$E,'Acerto virtual'!S:S),"")} | AH13: {=IFERROR(_xlfn.XLOOKUP($F13,'Acerto virtual'!$E:$E,'Acerto virtual'!T:T),"")} | AI13: {=IFERROR(_xlfn.XLOOKUP($F13,'Acerto virtual'!$E:$E,'Acerto virtual'!U:U),"")}
A14: 10 | B14: 3040250831 | C14: {=IFERROR(_xlfn.XLOOKUP($B14,'Histórico'!$B:$B,'Histórico'!$I:$I),"")} -> 799-1 | D14: {=IFERROR(_xlfn.XLOOKUP($B14,'Histórico'!$B:$B,'Histórico'!$J:$J),"")} -> 83326 | E14: {=IFERROR(_xlfn.XLOOKUP($B14,'Histórico'!$B:$B,'Histórico'!$K:$K),"")} -> TRANSDUCER | F14: {=IFERROR(_xlfn.XLOOKUP($B14,'Histórico'!$B:$B,'Histórico'!$L:$L),"")} -> 2697 | G14: {=IFERROR(_xlfn.XLOOKUP($B14,'Histórico'!$B:$B,'Histórico'!$F:$F),"")} -> 20/03/2025 | H14: {=IFERROR(_xlfn.XLOOKUP($B14,'Histórico'!$B:$B,'Histórico'!$AA:$AA),"")} -> BANT | I14: {=IFERROR(_xlfn.XLOOKUP($B14,Atual!$B:$B,Atual!$E:$E),"OS concluída")} -> REC | J14: =IF(G14="","",IF(I14="OS concluída","",$D$1-G14)) -> 574 | L14: =IF(N14="","",IFERROR(N14-G14,"NÃO APLICÁVEL")) -> 112 | N14: {=IFERROR(_xlfn.XLOOKUP($B14,EMPRESA_1!A:A,EMPRESA_1!J:J),"")} -> 45848 | O14: {=IFERROR(_xlfn.XLOOKUP(B14,EMPRESA_1!A:A,EMPRESA_1!K:K),"")} -> BANT | P14: {=IFERROR(_xlfn.XLOOKUP(B14,EMPRESA_1!A:A,EMPRESA_1!L:L),"")} -> 103/C98/2025 | Q14: {=IFERROR(_xlfn.XLOOKUP(B14,EMPRESA_1!A:A,EMPRESA_1!J:J),"")} -> 45848 | R14: {=IFERROR(_xlfn.XLOOKUP(B14,EMPRESA_1!A:A,EMPRESA_1!M:M),"")} -> 168393-11 | T14: {=IFERROR(_xlfn.XLOOKUP($F14,'Acerto virtual'!$E:$E,'Acerto virtual'!F:F),"")} | U14: {=IFERROR(_xlfn.XLOOKUP($F14,'Acerto virtual'!$E:$E,'Acerto virtual'!G:G),"")} | V14: {=IFERROR(_xlfn.XLOOKUP($F14,'Acerto virtual'!$E:$E,'Acerto virtual'!H:H),"")} | W14: {=IFERROR(_xlfn.XLOOKUP($F14,'Acerto virtual'!$E:$E,'Acerto virtual'!I:I),"")} | X14: {=IFERROR(_xlfn.XLOOKUP($F14,'Acerto virtual'!$E:$E,'Acerto virtual'!J:J),"")} | Y14: {=IFERROR(_xlfn.XLOOKUP($F14,'Acerto virtual'!$E:$E,'Acerto virtual'!K:K),"")} | Z14: {=IFERROR(_xlfn.XLOOKUP($F14,'Acerto virtual'!$E:$E,'Acerto virtual'!L:L),"")} | AA14: {=IFERROR(_xlfn.XLOOKUP($F14,'Acerto virtual'!$E:$E,'Acerto virtual'!M:M),"")} | AB14: {=IFERROR(_xlfn.XLOOKUP($F14,'Acerto virtual'!$E:$E,'Acerto virtual'!N:N),"")} | AC14: {=IFERROR(_xlfn.XLOOKUP($F14,'Acerto virtual'!$E:$E,'Acerto virtual'!O:O),"")} | AD14: {=IFERROR(_xlfn.XLOOKUP($F14,'Acerto virtual'!$E:$E,'Acerto virtual'!P:P),"")} | AE14: {=IFERROR(_xlfn.XLOOKUP($F14,'Acerto virtual'!$E:$E,'Acerto virtual'!Q:Q),"")} | AF14: {=IFERROR(_xlfn.XLOOKUP($F14,'Acerto virtual'!$E:$E,'Acerto virtual'!R:R),"")} | AG14: {=IFERROR(_xlfn.XLOOKUP($F14,'Acerto virtual'!$E:$E,'Acerto virtual'!S:S),"")} | AH14: {=IFERROR(_xlfn.XLOOKUP($F14,'Acerto virtual'!$E:$E,'Acerto virtual'!T:T),"")} | AI14: {=IFERROR(_xlfn.XLOOKUP($F14,'Acerto virtual'!$E:$E,'Acerto virtual'!U:U),"")}
A15: 11 | B15: 3040250833 | C15: {=IFERROR(_xlfn.XLOOKUP($B15,'Histórico'!$B:$B,'Histórico'!$I:$I),"")} -> 9910586-4 | D15: {=IFERROR(_xlfn.XLOOKUP($B15,'Histórico'!$B:$B,'Histórico'!$J:$J),"")} -> 7EK50 | E15: {=IFERROR(_xlfn.XLOOKUP($B15,'Histórico'!$B:$B,'Histórico'!$K:$K),"")} -> FLAP ACTUATOR AND MOTOR ASSEMBLY | F15: {=IFERROR(_xlfn.XLOOKUP($B15,'Histórico'!$B:$B,'Histórico'!$L:$L),"")} -> 1569 | G15: {=IFERROR(_xlfn.XLOOKUP($B15,'Histórico'!$B:$B,'Histórico'!$F:$F),"")} -> 20/03/2025 | H15: {=IFERROR(_xlfn.XLOOKUP($B15,'Histórico'!$B:$B,'Histórico'!$AA:$AA),"")} -> ALA 3 | I15: {=IFERROR(_xlfn.XLOOKUP($B15,Atual!$B:$B,Atual!$E:$E),"OS concluída")} -> REC | J15: =IF(G15="","",IF(I15="OS concluída","",$D$1-G15)) -> 574 | L15: =IF(N15="","",IFERROR(N15-G15,"NÃO APLICÁVEL")) -> 124 | N15: {=IFERROR(_xlfn.XLOOKUP($B15,EMPRESA_1!A:A,EMPRESA_1!J:J),"")} -> 45860 | O15: {=IFERROR(_xlfn.XLOOKUP(B15,EMPRESA_1!A:A,EMPRESA_1!K:K),"")} -> BAMN | P15: {=IFERROR(_xlfn.XLOOKUP(B15,EMPRESA_1!A:A,EMPRESA_1!L:L),"")} -> 122/C98/2025 | Q15: {=IFERROR(_xlfn.XLOOKUP(B15,EMPRESA_1!A:A,EMPRESA_1!J:J),"")} -> 45860 | R15: {=IFERROR(_xlfn.XLOOKUP(B15,EMPRESA_1!A:A,EMPRESA_1!M:M),"")} | T15: {=IFERROR(_xlfn.XLOOKUP($F15,'Acerto virtual'!$E:$E,'Acerto virtual'!F:F),"")} | U15: {=IFERROR(_xlfn.XLOOKUP($F15,'Acerto virtual'!$E:$E,'Acerto virtual'!G:G),"")} | V15: {=IFERROR(_xlfn.XLOOKUP($F15,'Acerto virtual'!$E:$E,'Acerto virtual'!H:H),"")} | W15: {=IFERROR(_xlfn.XLOOKUP($F15,'Acerto virtual'!$E:$E,'Acerto virtual'!I:I),"")} | X15: {=IFERROR(_xlfn.XLOOKUP($F15,'Acerto virtual'!$E:$E,'Acerto virtual'!J:J),"")} | Y15: {=IFERROR(_xlfn.XLOOKUP($F15,'Acerto virtual'!$E:$E,'Acerto virtual'!K:K),"")} | Z15: {=IFERROR(_xlfn.XLOOKUP($F15,'Acerto virtual'!$E:$E,'Acerto virtual'!L:L),"")} | AA15: {=IFERROR(_xlfn.XLOOKUP($F15,'Acerto virtual'!$E:$E,'Acerto virtual'!M:M),"")} | AB15: {=IFERROR(_xlfn.XLOOKUP($F15,'Acerto virtual'!$E:$E,'Acerto virtual'!N:N),"")} | AC15: {=IFERROR(_xlfn.XLOOKUP($F15,'Acerto virtual'!$E:$E,'Acerto virtual'!O:O),"")} | AD15: {=IFERROR(_xlfn.XLOOKUP($F15,'Acerto virtual'!$E:$E,'Acerto virtual'!P:P),"")} | AE15: {=IFERROR(_xlfn.XLOOKUP($F15,'Acerto virtual'!$E:$E,'Acerto virtual'!Q:Q),"")} | AF15: {=IFERROR(_xlfn.XLOOKUP($F15,'Acerto virtual'!$E:$E,'Acerto virtual'!R:R),"")} | AG15: {=IFERROR(_xlfn.XLOOKUP($F15,'Acerto virtual'!$E:$E,'Acerto virtual'!S:S),"")} | AH15: {=IFERROR(_xlfn.XLOOKUP($F15,'Acerto virtual'!$E:$E,'Acerto virtual'!T:T),"")} | AI15: {=IFERROR(_xlfn.XLOOKUP($F15,'Acerto virtual'!$E:$E,'Acerto virtual'!U:U),"")}
A16: 12 | B16: 3040250834 | C16: {=IFERROR(_xlfn.XLOOKUP($B16,'Histórico'!$B:$B,'Histórico'!$I:$I),"")} -> 9910586-4 | D16: {=IFERROR(_xlfn.XLOOKUP($B16,'Histórico'!$B:$B,'Histórico'!$J:$J),"")} -> 7EK50 | E16: {=IFERROR(_xlfn.XLOOKUP($B16,'Histórico'!$B:$B,'Histórico'!$K:$K),"")} -> FLAP ACTUATOR AND MOTOR ASSEMBLY | F16: {=IFERROR(_xlfn.XLOOKUP($B16,'Histórico'!$B:$B,'Histórico'!$L:$L),"")} -> 2706 | G16: {=IFERROR(_xlfn.XLOOKUP($B16,'Histórico'!$B:$B,'Histórico'!$F:$F),"")} -> 20/03/2025 | H16: {=IFERROR(_xlfn.XLOOKUP($B16,'Histórico'!$B:$B,'Histórico'!$AA:$AA),"")} -> ALA 3 | I16: {=IFERROR(_xlfn.XLOOKUP($B16,Atual!$B:$B,Atual!$E:$E),"OS concluída")} -> OS concluída | J16: =IF(G16="","",IF(I16="OS concluída","",$D$1-G16)) | L16: =IF(N16="","",IFERROR(N16-G16,"NÃO APLICÁVEL")) | N16: {=IFERROR(_xlfn.XLOOKUP($B16,Empresa!G:G,Empresa!K:K),"")} | P16: {=IFERROR(_xlfn.XLOOKUP($F16,'Vee one'!F:F,'Vee one'!O:O),"")} | Q16: {=IFERROR(_xlfn.XLOOKUP($F16,'Vee one'!F:F,'Vee one'!K:K),"")}
A17: 13 | B17: 3040250832 | C17: {=IFERROR(_xlfn.XLOOKUP($B17,'Histórico'!$B:$B,'Histórico'!$I:$I),"")} -> 9910338-4 | D17: {=IFERROR(_xlfn.XLOOKUP($B17,'Histórico'!$B:$B,'Histórico'!$J:$J),"")} -> 13068 | E17: {=IFERROR(_xlfn.XLOOKUP($B17,'Histórico'!$B:$B,'Histórico'!$K:$K),"")} -> FUEL TOTALIZER INDICATOR | F17: {=IFERROR(_xlfn.XLOOKUP($B17,'Histórico'!$B:$B,'Histórico'!$L:$L),"")} -> 0215-217 | G17: {=IFERROR(_xlfn.XLOOKUP($B17,'Histórico'!$B:$B,'Histórico'!$F:$F),"")} -> 20/03/2025 | H17: {=IFERROR(_xlfn.XLOOKUP($B17,'Histórico'!$B:$B,'Histórico'!$AA:$AA),"")} -> EEAR | I17: {=IFERROR(_xlfn.XLOOKUP($B17,Atual!$B:$B,Atual!$E:$E),"OS concluída")} -> REC | J17: =IF(G17="","",IF(I17="OS concluída","",$D$1-G17)) -> 574 | L17: =IF(N17="","",IFERROR(N17-G17,"NÃO APLICÁVEL")) -> 64 | N17: {=IFERROR(_xlfn.XLOOKUP($B17,EMPRESA_1!A:A,EMPRESA_1!J:J),"")} -> 45800 | O17: {=IFERROR(_xlfn.XLOOKUP(B17,EMPRESA_1!A:A,EMPRESA_1!K:K),"")} -> PAMA-LS | P17: {=IFERROR(_xlfn.XLOOKUP(B17,EMPRESA_1!A:A,EMPRESA_1!L:L),"")} -> 045/C98/2025 | Q17: {=IFERROR(_xlfn.XLOOKUP(B17,EMPRESA_1!A:A,EMPRESA_1!J:J),"")} -> 45800 | R17: {=IFERROR(_xlfn.XLOOKUP(B17,EMPRESA_1!A:A,EMPRESA_1!M:M),"")} | T17: {=IFERROR(_xlfn.XLOOKUP($F17,'Acerto virtual'!$E:$E,'Acerto virtual'!F:F),"")} | U17: {=IFERROR(_xlfn.XLOOKUP($F17,'Acerto virtual'!$E:$E,'Acerto virtual'!G:G),"")} | V17: {=IFERROR(_xlfn.XLOOKUP($F17,'Acerto virtual'!$E:$E,'Acerto virtual'!H:H),"")} | W17: {=IFERROR(_xlfn.XLOOKUP($F17,'Acerto virtual'!$E:$E,'Acerto virtual'!I:I),"")} | X17: {=IFERROR(_xlfn.XLOOKUP($F17,'Acerto virtual'!$E:$E,'Acerto virtual'!J:J),"")} | Y17: {=IFERROR(_xlfn.XLOOKUP($F17,'Acerto virtual'!$E:$E,'Acerto virtual'!K:K),"")} | Z17: {=IFERROR(_xlfn.XLOOKUP($F17,'Acerto virtual'!$E:$E,'Acerto virtual'!L:L),"")} | AA17: {=IFERROR(_xlfn.XLOOKUP($F17,'Acerto virtual'!$E:$E,'Acerto virtual'!M:M),"")} | AB17: {=IFERROR(_xlfn.XLOOKUP($F17,'Acerto virtual'!$E:$E,'Acerto virtual'!N:N),"")} | AC17: {=IFERROR(_xlfn.XLOOKUP($F17,'Acerto virtual'!$E:$E,'Acerto virtual'!O:O),"")} | AD17: {=IFERROR(_xlfn.XLOOKUP($F17,'Acerto virtual'!$E:$E,'Acerto virtual'!P:P),"")} | AE17: {=IFERROR(_xlfn.XLOOKUP($F17,'Acerto virtual'!$E:$E,'Acerto virtual'!Q:Q),"")} | AF17: {=IFERROR(_xlfn.XLOOKUP($F17,'Acerto virtual'!$E:$E,'Acerto virtual'!R:R),"")} | AG17: {=IFERROR(_xlfn.XLOOKUP($F17,'Acerto virtual'!$E:$E,'Acerto virtual'!S:S),"")} | AH17: {=IFERROR(_xlfn.XLOOKUP($F17,'Acerto virtual'!$E:$E,'Acerto virtual'!T:T),"")} | AI17: {=IFERROR(_xlfn.XLOOKUP($F17,'Acerto virtual'!$E:$E,'Acerto virtual'!U:U),"")}
A18: 14 | B18: 3040250835 | C18: {=IFERROR(_xlfn.XLOOKUP($B18,'Histórico'!$B:$B,'Histórico'!$I:$I),"")} -> ASG12000-2 | D18: {=IFERROR(_xlfn.XLOOKUP($B18,'Histórico'!$B:$B,'Histórico'!$J:$J),"")} -> 71653 | E18: {=IFERROR(_xlfn.XLOOKUP($B18,'Histórico'!$B:$B,'Histórico'!$K:$K),"")} -> ALTERNATOR | F18: {=IFERROR(_xlfn.XLOOKUP($B18,'Histórico'!$B:$B,'Histórico'!$L:$L),"")} -> K010158 | G18: {=IFERROR(_xlfn.XLOOKUP($B18,'Histórico'!$B:$B,'Histórico'!$F:$F),"")} -> 20/03/2025 | H18: {=IFERROR(_xlfn.XLOOKUP($B18,'Histórico'!$B:$B,'Histórico'!$AA:$AA),"")} -> ALA 5 | I18: {=IFERROR(_xlfn.XLOOKUP($B18,Atual!$B:$B,Atual!$E:$E),"OS concluída")} -> OS concluída | J18: =IF(G18="","",IF(I18="OS concluída","",$D$1-G18)) | L18: =IF(N18="","",IFERROR(N18-G18,"NÃO APLICÁVEL")) -> NÃO APLICÁVEL | N18: {=IFERROR(_xlfn.XLOOKUP($B18,EMPRESA_1!A:A,EMPRESA_1!J:J),"")} -> REPARADO | O18: {=IFERROR(_xlfn.XLOOKUP(B18,EMPRESA_1!A:A,EMPRESA_1!K:K),"")} -> V1 PAMA-LS | P18: {=IFERROR(_xlfn.XLOOKUP(B18,EMPRESA_1!A:A,EMPRESA_1!L:L),"")} | Q18: {=IFERROR(_xlfn.XLOOKUP(B18,EMPRESA_1!A:A,EMPRESA_1!J:J),"")} -> REPARADO | R18: {=IFERROR(_xlfn.XLOOKUP(B18,EMPRESA_1!A:A,EMPRESA_1!M:M),"")} | T18: {=IFERROR(_xlfn.XLOOKUP($F18,'Acerto virtual'!$E:$E,'Acerto virtual'!F:F),"")} | U18: {=IFERROR(_xlfn.XLOOKUP($F18,'Acerto virtual'!$E:$E,'Acerto virtual'!G:G),"")} | V18: {=IFERROR(_xlfn.XLOOKUP($F18,'Acerto virtual'!$E:$E,'Acerto virtual'!H:H),"")} | W18: {=IFERROR(_xlfn.XLOOKUP($F18,'Acerto virtual'!$E:$E,'Acerto virtual'!I:I),"")} | X18: {=IFERROR(_xlfn.XLOOKUP($F18,'Acerto virtual'!$E:$E,'Acerto virtual'!J:J),"")} | Y18: {=IFERROR(_xlfn.XLOOKUP($F18,'Acerto virtual'!$E:$E,'Acerto virtual'!K:K),"")} | Z18: {=IFERROR(_xlfn.XLOOKUP($F18,'Acerto virtual'!$E:$E,'Acerto virtual'!L:L),"")} | AA18: {=IFERROR(_xlfn.XLOOKUP($F18,'Acerto virtual'!$E:$E,'Acerto virtual'!M:M),"")} | AB18: {=IFERROR(_xlfn.XLOOKUP($F18,'Acerto virtual'!$E:$E,'Acerto virtual'!N:N),"")} | AC18: {=IFERROR(_xlfn.XLOOKUP($F18,'Acerto virtual'!$E:$E,'Acerto virtual'!O:O),"")} | AD18: {=IFERROR(_xlfn.XLOOKUP($F18,'Acerto virtual'!$E:$E,'Acerto virtual'!P:P),"")} | AE18: {=IFERROR(_xlfn.XLOOKUP($F18,'Acerto virtual'!$E:$E,'Acerto virtual'!Q:Q),"")} | AF18: {=IFERROR(_xlfn.XLOOKUP($F18,'Acerto virtual'!$E:$E,'Acerto virtual'!R:R),"")} | AG18: {=IFERROR(_xlfn.XLOOKUP($F18,'Acerto virtual'!$E:$E,'Acerto virtual'!S:S),"")} | AH18: {=IFERROR(_xlfn.XLOOKUP($F18,'Acerto virtual'!$E:$E,'Acerto virtual'!T:T),"")} | AI18: {=IFERROR(_xlfn.XLOOKUP($F18,'Acerto virtual'!$E:$E,'Acerto virtual'!U:U),"")}
A19: 15 | B19: 3040250841 | C19: {=IFERROR(_xlfn.XLOOKUP($B19,'Histórico'!$B:$B,'Histórico'!$I:$I),"")} -> C661030-0301 | D19: {=IFERROR(_xlfn.XLOOKUP($B19,'Histórico'!$B:$B,'Histórico'!$J:$J),"")} -> 7EK50 | E19: {=IFERROR(_xlfn.XLOOKUP($B19,'Histórico'!$B:$B,'Histórico'!$K:$K),"")} -> TURN BANK | F19: {=IFERROR(_xlfn.XLOOKUP($B19,'Histórico'!$B:$B,'Histórico'!$L:$L),"")} -> 9911-257 | G19: {=IFERROR(_xlfn.XLOOKUP($B19,'Histórico'!$B:$B,'Histórico'!$F:$F),"")} -> 20/03/2025 | H19: {=IFERROR(_xlfn.XLOOKUP($B19,'Histórico'!$B:$B,'Histórico'!$AA:$AA),"")} -> PAMALS | I19: {=IFERROR(_xlfn.XLOOKUP($B19,Atual!$B:$B,Atual!$E:$E),"OS concluída")} -> REC | J19: =IF(G19="","",IF(I19="OS concluída","",$D$1-G19)) -> 574 | L19: =IF(N19="","",IFERROR(N19-G19,"NÃO APLICÁVEL")) -> NÃO APLICÁVEL | N19: {=IFERROR(_xlfn.XLOOKUP($B19,EMPRESA_1!A:A,EMPRESA_1!J:J),"")} -> EM REPARO | O19: {=IFERROR(_xlfn.XLOOKUP(B19,EMPRESA_1!A:A,EMPRESA_1!K:K),"")} -> LEAP | P19: {=IFERROR(_xlfn.XLOOKUP(B19,EMPRESA_1!A:A,EMPRESA_1!L:L),"")} | Q19: {=IFERROR(_xlfn.XLOOKUP(B19,EMPRESA_1!A:A,EMPRESA_1!J:J),"")} -> EM REPARO | R19: {=IFERROR(_xlfn.XLOOKUP(B19,EMPRESA_1!A:A,EMPRESA_1!M:M),"")} | T19: {=IFERROR(_xlfn.XLOOKUP($F19,'Acerto virtual'!$E:$E,'Acerto virtual'!F:F),"")} | U19: {=IFERROR(_xlfn.XLOOKUP($F19,'Acerto virtual'!$E:$E,'Acerto virtual'!G:G),"")} | V19: {=IFERROR(_xlfn.XLOOKUP($F19,'Acerto virtual'!$E:$E,'Acerto virtual'!H:H),"")} | W19: {=IFERROR(_xlfn.XLOOKUP($F19,'Acerto virtual'!$E:$E,'Acerto virtual'!I:I),"")} | X19: {=IFERROR(_xlfn.XLOOKUP($F19,'Acerto virtual'!$E:$E,'Acerto virtual'!J:J),"")} | Y19: {=IFERROR(_xlfn.XLOOKUP($F19,'Acerto virtual'!$E:$E,'Acerto virtual'!K:K),"")} | Z19: {=IFERROR(_xlfn.XLOOKUP($F19,'Acerto virtual'!$E:$E,'Acerto virtual'!L:L),"")} | AA19: {=IFERROR(_xlfn.XLOOKUP($F19,'Acerto virtual'!$E:$E,'Acerto virtual'!M:M),"")} | AB19: {=IFERROR(_xlfn.XLOOKUP($F19,'Acerto virtual'!$E:$E,'Acerto virtual'!N:N),"")} | AC19: {=IFERROR(_xlfn.XLOOKUP($F19,'Acerto virtual'!$E:$E,'Acerto virtual'!O:O),"")} | AD19: {=IFERROR(_xlfn.XLOOKUP($F19,'Acerto virtual'!$E:$E,'Acerto virtual'!P:P),"")} | AE19: {=IFERROR(_xlfn.XLOOKUP($F19,'Acerto virtual'!$E:$E,'Acerto virtual'!Q:Q),"")} | AF19: {=IFERROR(_xlfn.XLOOKUP($F19,'Acerto virtual'!$E:$E,'Acerto virtual'!R:R),"")} | AG19: {=IFERROR(_xlfn.XLOOKUP($F19,'Acerto virtual'!$E:$E,'Acerto virtual'!S:S),"")} | AH19: {=IFERROR(_xlfn.XLOOKUP($F19,'Acerto virtual'!$E:$E,'Acerto virtual'!T:T),"")} | AI19: {=IFERROR(_xlfn.XLOOKUP($F19,'Acerto virtual'!$E:$E,'Acerto virtual'!U:U),"")}
A20: 16 | B20: 3040250842 | C20: {=IFERROR(_xlfn.XLOOKUP($B20,'Histórico'!$B:$B,'Histórico'!$I:$I),"")} -> C662041-0102 | D20: {=IFERROR(_xlfn.XLOOKUP($B20,'Histórico'!$B:$B,'Histórico'!$J:$J),"")} -> 7EK50 | E20: {=IFERROR(_xlfn.XLOOKUP($B20,'Histórico'!$B:$B,'Histórico'!$K:$K),"")} -> INDICATOR FUEL | F20: {=IFERROR(_xlfn.XLOOKUP($B20,'Histórico'!$B:$B,'Histórico'!$L:$L),"")} -> 791 | G20: {=IFERROR(_xlfn.XLOOKUP($B20,'Histórico'!$B:$B,'Histórico'!$F:$F),"")} -> 20/03/2025 | H20: {=IFERROR(_xlfn.XLOOKUP($B20,'Histórico'!$B:$B,'Histórico'!$AA:$AA),"")} -> ALA 5 | I20: {=IFERROR(_xlfn.XLOOKUP($B20,Atual!$B:$B,Atual!$E:$E),"OS concluída")} -> REC | J20: =IF(G20="","",IF(I20="OS concluída","",$D$1-G20)) -> 574 | L20: =IF(N20="","",IFERROR(N20-G20,"NÃO APLICÁVEL")) -> 161 | N20: {=IFERROR(_xlfn.XLOOKUP($B20,EMPRESA_1!A:A,EMPRESA_1!J:J),"")} -> 45897 | O20: {=IFERROR(_xlfn.XLOOKUP(B20,EMPRESA_1!A:A,EMPRESA_1!K:K),"")} -> PAMA-LS | P20: {=IFERROR(_xlfn.XLOOKUP(B20,EMPRESA_1!A:A,EMPRESA_1!L:L),"")} -> 159/C98/2025 | Q20: {=IFERROR(_xlfn.XLOOKUP(B20,EMPRESA_1!A:A,EMPRESA_1!J:J),"")} -> 45897 | R20: {=IFERROR(_xlfn.XLOOKUP(B20,EMPRESA_1!A:A,EMPRESA_1!M:M),"")} | T20: {=IFERROR(_xlfn.XLOOKUP($F20,'Acerto virtual'!$E:$E,'Acerto virtual'!F:F),"")} | U20: {=IFERROR(_xlfn.XLOOKUP($F20,'Acerto virtual'!$E:$E,'Acerto virtual'!G:G),"")} | V20: {=IFERROR(_xlfn.XLOOKUP($F20,'Acerto virtual'!$E:$E,'Acerto virtual'!H:H),"")} | W20: {=IFERROR(_xlfn.XLOOKUP($F20,'Acerto virtual'!$E:$E,'Acerto virtual'!I:I),"")} | X20: {=IFERROR(_xlfn.XLOOKUP($F20,'Acerto virtual'!$E:$E,'Acerto virtual'!J:J),"")} | Y20: {=IFERROR(_xlfn.XLOOKUP($F20,'Acerto virtual'!$E:$E,'Acerto virtual'!K:K),"")} | Z20: {=IFERROR(_xlfn.XLOOKUP($F20,'Acerto virtual'!$E:$E,'Acerto virtual'!L:L),"")} | AA20: {=IFERROR(_xlfn.XLOOKUP($F20,'Acerto virtual'!$E:$E,'Acerto virtual'!M:M),"")} | AB20: {=IFERROR(_xlfn.XLOOKUP($F20,'Acerto virtual'!$E:$E,'Acerto virtual'!N:N),"")} | AC20: {=IFERROR(_xlfn.XLOOKUP($F20,'Acerto virtual'!$E:$E,'Acerto virtual'!O:O),"")} | AD20: {=IFERROR(_xlfn.XLOOKUP($F20,'Acerto virtual'!$E:$E,'Acerto virtual'!P:P),"")} | AE20: {=IFERROR(_xlfn.XLOOKUP($F20,'Acerto virtual'!$E:$E,'Acerto virtual'!Q:Q),"")} | AF20: {=IFERROR(_xlfn.XLOOKUP($F20,'Acerto virtual'!$E:$E,'Acerto virtual'!R:R),"")} | AG20: {=IFERROR(_xlfn.XLOOKUP($F20,'Acerto virtual'!$E:$E,'Acerto virtual'!S:S),"")} | AH20: {=IFERROR(_xlfn.XLOOKUP($F20,'Acerto virtual'!$E:$E,'Acerto virtual'!T:T),"")} | AI20: {=IFERROR(_xlfn.XLOOKUP($F20,'Acerto virtual'!$E:$E,'Acerto virtual'!U:U),"")}
A21: 17 | B21: 3040250844 | C21: {=IFERROR(_xlfn.XLOOKUP($B21,'Histórico'!$B:$B,'Histórico'!$I:$I),"")} -> C662041-0102 | D21: {=IFERROR(_xlfn.XLOOKUP($B21,'Histórico'!$B:$B,'Histórico'!$J:$J),"")} -> 7EK50 | E21: {=IFERROR(_xlfn.XLOOKUP($B21,'Histórico'!$B:$B,'Histórico'!$K:$K),"")} -> INDICATOR FUEL | F21: {=IFERROR(_xlfn.XLOOKUP($B21,'Histórico'!$B:$B,'Histórico'!$L:$L),"")} -> 7077 | G21: {=IFERROR(_xlfn.XLOOKUP($B21,'Histórico'!$B:$B,'Histórico'!$F:$F),"")} -> 20/03/2025 | H21: {=IFERROR(_xlfn.XLOOKUP($B21,'Histórico'!$B:$B,'Histórico'!$AA:$AA),"")} -> ALA 9 | I21: {=IFERROR(_xlfn.XLOOKUP($B21,Atual!$B:$B,Atual!$E:$E),"OS concluída")} -> REC | J21: =IF(G21="","",IF(I21="OS concluída","",$D$1-G21)) -> 574 | L21: =IF(N21="","",IFERROR(N21-G21,"NÃO APLICÁVEL")) -> 66 | N21: {=IFERROR(_xlfn.XLOOKUP($B21,EMPRESA_1!A:A,EMPRESA_1!J:J),"")} -> 45802 | O21: {=IFERROR(_xlfn.XLOOKUP(B21,EMPRESA_1!A:A,EMPRESA_1!K:K),"")} -> PAMA-LS | P21: {=IFERROR(_xlfn.XLOOKUP(B21,EMPRESA_1!A:A,EMPRESA_1!L:L),"")} -> 045/C98/2025 | Q21: {=IFERROR(_xlfn.XLOOKUP(B21,EMPRESA_1!A:A,EMPRESA_1!J:J),"")} -> 45802 | R21: {=IFERROR(_xlfn.XLOOKUP(B21,EMPRESA_1!A:A,EMPRESA_1!M:M),"")} | T21: {=IFERROR(_xlfn.XLOOKUP($F21,'Acerto virtual'!$E:$E,'Acerto virtual'!F:F),"")} | U21: {=IFERROR(_xlfn.XLOOKUP($F21,'Acerto virtual'!$E:$E,'Acerto virtual'!G:G),"")} | V21: {=IFERROR(_xlfn.XLOOKUP($F21,'Acerto virtual'!$E:$E,'Acerto virtual'!H:H),"")} | W21: {=IFERROR(_xlfn.XLOOKUP($F21,'Acerto virtual'!$E:$E,'Acerto virtual'!I:I),"")} | X21: {=IFERROR(_xlfn.XLOOKUP($F21,'Acerto virtual'!$E:$E,'Acerto virtual'!J:J),"")} | Y21: {=IFERROR(_xlfn.XLOOKUP($F21,'Acerto virtual'!$E:$E,'Acerto virtual'!K:K),"")} | Z21: {=IFERROR(_xlfn.XLOOKUP($F21,'Acerto virtual'!$E:$E,'Acerto virtual'!L:L),"")} | AA21: {=IFERROR(_xlfn.XLOOKUP($F21,'Acerto virtual'!$E:$E,'Acerto virtual'!M:M),"")} | AB21: {=IFERROR(_xlfn.XLOOKUP($F21,'Acerto virtual'!$E:$E,'Acerto virtual'!N:N),"")} | AC21: {=IFERROR(_xlfn.XLOOKUP($F21,'Acerto virtual'!$E:$E,'Acerto virtual'!O:O),"")} | AD21: {=IFERROR(_xlfn.XLOOKUP($F21,'Acerto virtual'!$E:$E,'Acerto virtual'!P:P),"")} | AE21: {=IFERROR(_xlfn.XLOOKUP($F21,'Acerto virtual'!$E:$E,'Acerto virtual'!Q:Q),"")} | AF21: {=IFERROR(_xlfn.XLOOKUP($F21,'Acerto virtual'!$E:$E,'Acerto virtual'!R:R),"")} | AG21: {=IFERROR(_xlfn.XLOOKUP($F21,'Acerto virtual'!$E:$E,'Acerto virtual'!S:S),"")} | AH21: {=IFERROR(_xlfn.XLOOKUP($F21,'Acerto virtual'!$E:$E,'Acerto virtual'!T:T),"")} | AI21: {=IFERROR(_xlfn.XLOOKUP($F21,'Acerto virtual'!$E:$E,'Acerto virtual'!U:U),"")}
A22: 18 | B22: 3040250843 | C22: {=IFERROR(_xlfn.XLOOKUP($B22,'Histórico'!$B:$B,'Histórico'!$I:$I),"")} -> C662041-0102 | D22: {=IFERROR(_xlfn.XLOOKUP($B22,'Histórico'!$B:$B,'Histórico'!$J:$J),"")} -> 7EK50 | E22: {=IFERROR(_xlfn.XLOOKUP($B22,'Histórico'!$B:$B,'Histórico'!$K:$K),"")} -> INDICATOR FUEL | F22: {=IFERROR(_xlfn.XLOOKUP($B22,'Histórico'!$B:$B,'Histórico'!$L:$L),"")} -> 3890 | G22: {=IFERROR(_xlfn.XLOOKUP($B22,'Histórico'!$B:$B,'Histórico'!$F:$F),"")} -> 20/03/2025 | H22: {=IFERROR(_xlfn.XLOOKUP($B22,'Histórico'!$B:$B,'Histórico'!$AA:$AA),"")} -> ALA 10 | I22: {=IFERROR(_xlfn.XLOOKUP($B22,Atual!$B:$B,Atual!$E:$E),"OS concluída")} -> OS concluída | J22: =IF(G22="","",IF(I22="OS concluída","",$D$1-G22)) | L22: =IF(N22="","",IFERROR(N22-G22,"NÃO APLICÁVEL")) | N22: {=IFERROR(_xlfn.XLOOKUP($B22,Empresa!G:G,Empresa!K:K),"")} | P22: {=IFERROR(_xlfn.XLOOKUP($F22,'Vee one'!F:F,'Vee one'!O:O),"")} | Q22: {=IFERROR(_xlfn.XLOOKUP($F22,'Vee one'!F:F,'Vee one'!K:K),"")}
A23: 19 | B23: 3040250719 | C23: {=IFERROR(_xlfn.XLOOKUP($B23,'Histórico'!$B:$B,'Histórico'!$I:$I),"")} -> 060-0017-00 | D23: {=IFERROR(_xlfn.XLOOKUP($B23,'Histórico'!$B:$B,'Histórico'!$J:$J),"")} -> 22373 | E23: {=IFERROR(_xlfn.XLOOKUP($B23,'Histórico'!$B:$B,'Histórico'!$K:$K),"")} -> FLIGHT DIR HOR | F23: {=IFERROR(_xlfn.XLOOKUP($B23,'Histórico'!$B:$B,'Histórico'!$L:$L),"")} -> KI256-25711 | G23: {=IFERROR(_xlfn.XLOOKUP($B23,'Histórico'!$B:$B,'Histórico'!$F:$F),"")} -> 20/03/2025 | H23: {=IFERROR(_xlfn.XLOOKUP($B23,'Histórico'!$B:$B,'Histórico'!$AA:$AA),"")} -> PAMALS | I23: {=IFERROR(_xlfn.XLOOKUP($B23,Atual!$B:$B,Atual!$E:$E),"OS concluída")} -> REC | J23: =IF(G23="","",IF(I23="OS concluída","",$D$1-G23)) -> 574 | L23: =IF(N23="","",IFERROR(N23-G23,"NÃO APLICÁVEL")) -> 399 | N23: {=IFERROR(_xlfn.XLOOKUP($B23,EMPRESA_1!A:A,EMPRESA_1!J:J),"")} -> 46135 | O23: {=IFERROR(_xlfn.XLOOKUP(B23,EMPRESA_1!A:A,EMPRESA_1!K:K),"")} -> BANT | P23: {=IFERROR(_xlfn.XLOOKUP(B23,EMPRESA_1!A:A,EMPRESA_1!L:L),"")} -> 352/FAB/26 | Q23: {=IFERROR(_xlfn.XLOOKUP(B23,EMPRESA_1!A:A,EMPRESA_1!J:J),"")} -> 46135 | R23: {=IFERROR(_xlfn.XLOOKUP(B23,EMPRESA_1!A:A,EMPRESA_1!M:M),"")} | T23: {=IFERROR(_xlfn.XLOOKUP($F23,'Acerto virtual'!$E:$E,'Acerto virtual'!F:F),"")} | U23: {=IFERROR(_xlfn.XLOOKUP($F23,'Acerto virtual'!$E:$E,'Acerto virtual'!G:G),"")} | V23: {=IFERROR(_xlfn.XLOOKUP($F23,'Acerto virtual'!$E:$E,'Acerto virtual'!H:H),"")} | W23: {=IFERROR(_xlfn.XLOOKUP($F23,'Acerto virtual'!$E:$E,'Acerto virtual'!I:I),"")} | X23: {=IFERROR(_xlfn.XLOOKUP($F23,'Acerto virtual'!$E:$E,'Acerto virtual'!J:J),"")} | Y23: {=IFERROR(_xlfn.XLOOKUP($F23,'Acerto virtual'!$E:$E,'Acerto virtual'!K:K),"")} | Z23: {=IFERROR(_xlfn.XLOOKUP($F23,'Acerto virtual'!$E:$E,'Acerto virtual'!L:L),"")} | AA23: {=IFERROR(_xlfn.XLOOKUP($F23,'Acerto virtual'!$E:$E,'Acerto virtual'!M:M),"")} | AB23: {=IFERROR(_xlfn.XLOOKUP($F23,'Acerto virtual'!$E:$E,'Acerto virtual'!N:N),"")} | AC23: {=IFERROR(_xlfn.XLOOKUP($F23,'Acerto virtual'!$E:$E,'Acerto virtual'!O:O),"")} | AD23: {=IFERROR(_xlfn.XLOOKUP($F23,'Acerto virtual'!$E:$E,'Acerto virtual'!P:P),"")} | AE23: {=IFERROR(_xlfn.XLOOKUP($F23,'Acerto virtual'!$E:$E,'Acerto virtual'!Q:Q),"")} | AF23: {=IFERROR(_xlfn.XLOOKUP($F23,'Acerto virtual'!$E:$E,'Acerto virtual'!R:R),"")} | AG23: {=IFERROR(_xlfn.XLOOKUP($F23,'Acerto virtual'!$E:$E,'Acerto virtual'!S:S),"")} | AH23: {=IFERROR(_xlfn.XLOOKUP($F23,'Acerto virtual'!$E:$E,'Acerto virtual'!T:T),"")} | AI23: {=IFERROR(_xlfn.XLOOKUP($F23,'Acerto virtual'!$E:$E,'Acerto virtual'!U:U),"")}
A24: 20 | B24: 3040250720 | C24: {=IFERROR(_xlfn.XLOOKUP($B24,'Histórico'!$B:$B,'Histórico'!$I:$I),"")} -> 060-0017-00 | D24: {=IFERROR(_xlfn.XLOOKUP($B24,'Histórico'!$B:$B,'Histórico'!$J:$J),"")} -> 22373 | E24: {=IFERROR(_xlfn.XLOOKUP($B24,'Histórico'!$B:$B,'Histórico'!$K:$K),"")} -> FLIGHT DIR HOR | F24: {=IFERROR(_xlfn.XLOOKUP($B24,'Histórico'!$B:$B,'Histórico'!$L:$L),"")} -> KI256-25707 | G24: {=IFERROR(_xlfn.XLOOKUP($B24,'Histórico'!$B:$B,'Histórico'!$F:$F),"")} -> 20/03/2025 | H24: {=IFERROR(_xlfn.XLOOKUP($B24,'Histórico'!$B:$B,'Histórico'!$AA:$AA),"")} -> BABV | I24: {=IFERROR(_xlfn.XLOOKUP($B24,Atual!$B:$B,Atual!$E:$E),"OS concluída")} -> OS concluída | J24: =IF(G24="","",IF(I24="OS concluída","",$D$1-G24)) | K24: NÃO POSSUIMOS TR/RECIBO | L24: =IF(N24="","",IFERROR(N24-G24,"NÃO APLICÁVEL")) | N24: {=IFERROR(_xlfn.XLOOKUP($B24,Empresa!G:G,Empresa!K:K),"")} | P24: {=IFERROR(_xlfn.XLOOKUP($F24,'Vee one'!F:F,'Vee one'!O:O),"")} | Q24: {=IFERROR(_xlfn.XLOOKUP($F24,'Vee one'!F:F,'Vee one'!K:K),"")}
A25: 21 | B25: 3040250722 | C25: {=IFERROR(_xlfn.XLOOKUP($B25,'Histórico'!$B:$B,'Histórico'!$I:$I),"")} -> 066-01141-5101 | D25: {=IFERROR(_xlfn.XLOOKUP($B25,'Histórico'!$B:$B,'Histórico'!$J:$J),"")} -> 22373 | E25: {=IFERROR(_xlfn.XLOOKUP($B25,'Histórico'!$B:$B,'Histórico'!$K:$K),"")} -> RECEIVER-TRANSMITTER,RADIO (KT71) | F25: {=IFERROR(_xlfn.XLOOKUP($B25,'Histórico'!$B:$B,'Histórico'!$L:$L),"")} -> 3885 | G25: {=IFERROR(_xlfn.XLOOKUP($B25,'Histórico'!$B:$B,'Histórico'!$F:$F),"")} -> 20/03/2025 | H25: {=IFERROR(_xlfn.XLOOKUP($B25,'Histórico'!$B:$B,'Histórico'!$AA:$AA),"")} -> ALA 9 | I25: {=IFERROR(_xlfn.XLOOKUP($B25,Atual!$B:$B,Atual!$E:$E),"OS concluída")} -> REC | J25: =IF(G25="","",IF(I25="OS concluída","",$D$1-G25)) -> 574 | L25: =IF(N25="","",IFERROR(N25-G25,"NÃO APLICÁVEL")) -> NÃO APLICÁVEL | N25: {=IFERROR(_xlfn.XLOOKUP($B25,EMPRESA_1!A:A,EMPRESA_1!J:J),"")} -> EM REPARO | O25: {=IFERROR(_xlfn.XLOOKUP(B25,EMPRESA_1!A:A,EMPRESA_1!K:K),"")} -> WILLIAM | P25: {=IFERROR(_xlfn.XLOOKUP(B25,EMPRESA_1!A:A,EMPRESA_1!L:L),"")} | Q25: {=IFERROR(_xlfn.XLOOKUP(B25,EMPRESA_1!A:A,EMPRESA_1!J:J),"")} -> EM REPARO | R25: {=IFERROR(_xlfn.XLOOKUP(B25,EMPRESA_1!A:A,EMPRESA_1!M:M),"")} | T25: {=IFERROR(_xlfn.XLOOKUP($F25,'Acerto virtual'!$E:$E,'Acerto virtual'!F:F),"")} | U25: {=IFERROR(_xlfn.XLOOKUP($F25,'Acerto virtual'!$E:$E,'Acerto virtual'!G:G),"")} | V25: {=IFERROR(_xlfn.XLOOKUP($F25,'Acerto virtual'!$E:$E,'Acerto virtual'!H:H),"")} | W25: {=IFERROR(_xlfn.XLOOKUP($F25,'Acerto virtual'!$E:$E,'Acerto virtual'!I:I),"")} | X25: {=IFERROR(_xlfn.XLOOKUP($F25,'Acerto virtual'!$E:$E,'Acerto virtual'!J:J),"")} | Y25: {=IFERROR(_xlfn.XLOOKUP($F25,'Acerto virtual'!$E:$E,'Acerto virtual'!K:K),"")} | Z25: {=IFERROR(_xlfn.XLOOKUP($F25,'Acerto virtual'!$E:$E,'Acerto virtual'!L:L),"")} | AA25: {=IFERROR(_xlfn.XLOOKUP($F25,'Acerto virtual'!$E:$E,'Acerto virtual'!M:M),"")} | AB25: {=IFERROR(_xlfn.XLOOKUP($F25,'Acerto virtual'!$E:$E,'Acerto virtual'!N:N),"")} | AC25: {=IFERROR(_xlfn.XLOOKUP($F25,'Acerto virtual'!$E:$E,'Acerto virtual'!O:O),"")} | AD25: {=IFERROR(_xlfn.XLOOKUP($F25,'Acerto virtual'!$E:$E,'Acerto virtual'!P:P),"")} | AE25: {=IFERROR(_xlfn.XLOOKUP($F25,'Acerto virtual'!$E:$E,'Acerto virtual'!Q:Q),"")} | AF25: {=IFERROR(_xlfn.XLOOKUP($F25,'Acerto virtual'!$E:$E,'Acerto virtual'!R:R),"")} | AG25: {=IFERROR(_xlfn.XLOOKUP($F25,'Acerto virtual'!$E:$E,'Acerto virtual'!S:S),"")} | AH25: {=IFERROR(_xlfn.XLOOKUP($F25,'Acerto virtual'!$E:$E,'Acerto virtual'!T:T),"")} | AI25: {=IFERROR(_xlfn.XLOOKUP($F25,'Acerto virtual'!$E:$E,'Acerto virtual'!U:U),"")}
A26: 22 | B26: 3040250723 | C26: {=IFERROR(_xlfn.XLOOKUP($B26,'Histórico'!$B:$B,'Histórico'!$I:$I),"")} -> 066-01141-5101 | D26: {=IFERROR(_xlfn.XLOOKUP($B26,'Histórico'!$B:$B,'Histórico'!$J:$J),"")} -> 22373 | E26: {=IFERROR(_xlfn.XLOOKUP($B26,'Histórico'!$B:$B,'Histórico'!$K:$K),"")} -> RECEIVER-TRANSMITTER,RADIO (KT71) | F26: {=IFERROR(_xlfn.XLOOKUP($B26,'Histórico'!$B:$B,'Histórico'!$L:$L),"")} -> 3861 | G26: {=IFERROR(_xlfn.XLOOKUP($B26,'Histórico'!$B:$B,'Histórico'!$F:$F),"")} -> 20/03/2025 | H26: {=IFERROR(_xlfn.XLOOKUP($B26,'Histórico'!$B:$B,'Histórico'!$AA:$AA),"")} -> CLA | I26: {=IFERROR(_xlfn.XLOOKUP($B26,Atual!$B:$B,Atual!$E:$E),"OS concluída")} -> REC | J26: =IF(G26="","",IF(I26="OS concluída","",$D$1-G26)) -> 574 | L26: =IF(N26="","",IFERROR(N26-G26,"NÃO APLICÁVEL")) -> 229 | N26: {=IFERROR(_xlfn.XLOOKUP($B26,EMPRESA_1!A:A,EMPRESA_1!J:J),"")} -> 45965 | O26: {=IFERROR(_xlfn.XLOOKUP(B26,EMPRESA_1!A:A,EMPRESA_1!K:K),"")} -> BABR | P26: {=IFERROR(_xlfn.XLOOKUP(B26,EMPRESA_1!A:A,EMPRESA_1!L:L),"")} -> 1082/2025 | Q26: {=IFERROR(_xlfn.XLOOKUP(B26,EMPRESA_1!A:A,EMPRESA_1!J:J),"")} -> 45965 | R26: {=IFERROR(_xlfn.XLOOKUP(B26,EMPRESA_1!A:A,EMPRESA_1!M:M),"")} | T26: {=IFERROR(_xlfn.XLOOKUP($F26,'Acerto virtual'!$E:$E,'Acerto virtual'!F:F),"")} -> 007/2025 | U26: {=IFERROR(_xlfn.XLOOKUP($F26,'Acerto virtual'!$E:$E,'Acerto virtual'!G:G),"")} -> 19/11 | V26: {=IFERROR(_xlfn.XLOOKUP($F26,'Acerto virtual'!$E:$E,'Acerto virtual'!H:H),"")} -> 02/02 | W26: {=IFERROR(_xlfn.XLOOKUP($F26,'Acerto virtual'!$E:$E,'Acerto virtual'!I:I),"")} -> 20/02 e 26/03 | X26: {=IFERROR(_xlfn.XLOOKUP($F26,'Acerto virtual'!$E:$E,'Acerto virtual'!J:J),"")} | Y26: {=IFERROR(_xlfn.XLOOKUP($F26,'Acerto virtual'!$E:$E,'Acerto virtual'!K:K),"")} | Z26: {=IFERROR(_xlfn.XLOOKUP($F26,'Acerto virtual'!$E:$E,'Acerto virtual'!L:L),"")} | AA26: {=IFERROR(_xlfn.XLOOKUP($F26,'Acerto virtual'!$E:$E,'Acerto virtual'!M:M),"")} | AB26: {=IFERROR(_xlfn.XLOOKUP($F26,'Acerto virtual'!$E:$E,'Acerto virtual'!N:N),"")} | AC26: {=IFERROR(_xlfn.XLOOKUP($F26,'Acerto virtual'!$E:$E,'Acerto virtual'!O:O),"")} | AD26: {=IFERROR(_xlfn.XLOOKUP($F26,'Acerto virtual'!$E:$E,'Acerto virtual'!P:P),"")} | AE26: {=IFERROR(_xlfn.XLOOKUP($F26,'Acerto virtual'!$E:$E,'Acerto virtual'!Q:Q),"")} | AF26: {=IFERROR(_xlfn.XLOOKUP($F26,'Acerto virtual'!$E:$E,'Acerto virtual'!R:R),"")} | AG26: {=IFERROR(_xlfn.XLOOKUP($F26,'Acerto virtual'!$E:$E,'Acerto virtual'!S:S),"")} | AH26: {=IFERROR(_xlfn.XLOOKUP($F26,'Acerto virtual'!$E:$E,'Acerto virtual'!T:T),"")} | AI26: {=IFERROR(_xlfn.XLOOKUP($F26,'Acerto virtual'!$E:$E,'Acerto virtual'!U:U),"")}
A27: 23 | B27: 3040250721 | C27: {=IFERROR(_xlfn.XLOOKUP($B27,'Histórico'!$B:$B,'Histórico'!$I:$I),"")} -> 060-0017-00 | D27: {=IFERROR(_xlfn.XLOOKUP($B27,'Histórico'!$B:$B,'Histórico'!$J:$J),"")} -> 22373 | E27: {=IFERROR(_xlfn.XLOOKUP($B27,'Histórico'!$B:$B,'Histórico'!$K:$K),"")} -> FLIGHT DIR HOR | F27: {=IFERROR(_xlfn.XLOOKUP($B27,'Histórico'!$B:$B,'Histórico'!$L:$L),"")} -> 17143 | G27: {=IFERROR(_xlfn.XLOOKUP($B27,'Histórico'!$B:$B,'Histórico'!$F:$F),"")} -> 20/03/2025 | H27: {=IFERROR(_xlfn.XLOOKUP($B27,'Histórico'!$B:$B,'Histórico'!$AA:$AA),"")} -> BANT | I27: {=IFERROR(_xlfn.XLOOKUP($B27,Atual!$B:$B,Atual!$E:$E),"OS concluída")} -> OS concluída | J27: =IF(G27="","",IF(I27="OS concluída","",$D$1-G27)) | K27: NÃO POSSUIMOS TR/RECIBO | L27: =IF(N27="","",IFERROR(N27-G27,"NÃO APLICÁVEL")) | N27: =IFERROR(_xlfn.XLOOKUP($B27,Empresa!G:G,Empresa!K:K),"") | P27: =IFERROR(_xlfn.XLOOKUP($F27,'Vee one'!F:F,'Vee one'!O:O),"") | Q27: =IFERROR(_xlfn.XLOOKUP($F27,'Vee one'!F:F,'Vee one'!K:K),"")
A28: 24 | B28: 3040250725 | C28: {=IFERROR(_xlfn.XLOOKUP($B28,'Histórico'!$B:$B,'Histórico'!$I:$I),"")} -> 066-3046-07 | D28: {=IFERROR(_xlfn.XLOOKUP($B28,'Histórico'!$B:$B,'Histórico'!$J:$J),"")} -> 22373 | E28: {=IFERROR(_xlfn.XLOOKUP($B28,'Histórico'!$B:$B,'Histórico'!$K:$K),"")} -> CONTROL,INDICATOR | F28: {=IFERROR(_xlfn.XLOOKUP($B28,'Histórico'!$B:$B,'Histórico'!$L:$L),"")} -> 96782 | G28: {=IFERROR(_xlfn.XLOOKUP($B28,'Histórico'!$B:$B,'Histórico'!$F:$F),"")} -> 20/03/2025 | H28: {=IFERROR(_xlfn.XLOOKUP($B28,'Histórico'!$B:$B,'Histórico'!$AA:$AA),"")} -> ALA 10 | I28: {=IFERROR(_xlfn.XLOOKUP($B28,Atual!$B:$B,Atual!$E:$E),"OS concluída")} -> OS concluída | J28: =IF(G28="","",IF(I28="OS concluída","",$D$1-G28)) | L28: =IF(N28="","",IFERROR(N28-G28,"NÃO APLICÁVEL")) | N28: =IFERROR(_xlfn.XLOOKUP($B28,Empresa!G:G,Empresa!K:K),"") | P28: =IFERROR(_xlfn.XLOOKUP($F28,'Vee one'!F:F,'Vee one'!O:O),"") | Q28: =IFERROR(_xlfn.XLOOKUP($F28,'Vee one'!F:F,'Vee one'!K:K),"")
A29: 25 | B29: 3040250724 | C29: {=IFERROR(_xlfn.XLOOKUP($B29,'Histórico'!$B:$B,'Histórico'!$I:$I),"")} -> 066-04035-1101 | D29: {=IFERROR(_xlfn.XLOOKUP($B29,'Histórico'!$B:$B,'Histórico'!$J:$J),"")} -> 22373 | E29: {=IFERROR(_xlfn.XLOOKUP($B29,'Histórico'!$B:$B,'Histórico'!$K:$K),"")} -> DISPLAY UNIT,RADAR | F29: {=IFERROR(_xlfn.XLOOKUP($B29,'Histórico'!$B:$B,'Histórico'!$L:$L),"")} -> KMD540-10071 | G29: {=IFERROR(_xlfn.XLOOKUP($B29,'Histórico'!$B:$B,'Histórico'!$F:$F),"")} -> 20/03/2025 | H29: {=IFERROR(_xlfn.XLOOKUP($B29,'Histórico'!$B:$B,'Histórico'!$AA:$AA),"")} -> PAMALS | I29: {=IFERROR(_xlfn.XLOOKUP($B29,Atual!$B:$B,Atual!$E:$E),"OS concluída")} -> REC | J29: =IF(G29="","",IF(I29="OS concluída","",$D$1-G29)) -> 574 | L29: =IF(N29="","",IFERROR(N29-G29,"NÃO APLICÁVEL")) -> 155 | N29: {=IFERROR(_xlfn.XLOOKUP($B29,EMPRESA_1!A:A,EMPRESA_1!J:J),"")} -> 45891 | O29: {=IFERROR(_xlfn.XLOOKUP(B29,EMPRESA_1!A:A,EMPRESA_1!K:K),"")} -> BANT | P29: {=IFERROR(_xlfn.XLOOKUP(B29,EMPRESA_1!A:A,EMPRESA_1!L:L),"")} -> 1049/2025 | Q29: {=IFERROR(_xlfn.XLOOKUP(B29,EMPRESA_1!A:A,EMPRESA_1!J:J),"")} -> 45891 | R29: {=IFERROR(_xlfn.XLOOKUP(B29,EMPRESA_1!A:A,EMPRESA_1!M:M),"")} | T29: {=IFERROR(_xlfn.XLOOKUP($F29,'Acerto virtual'!$E:$E,'Acerto virtual'!F:F),"")} -> 026/2025 | U29: {=IFERROR(_xlfn.XLOOKUP($F29,'Acerto virtual'!$E:$E,'Acerto virtual'!G:G),"")} -> 02/08 | V29: {=IFERROR(_xlfn.XLOOKUP($F29,'Acerto virtual'!$E:$E,'Acerto virtual'!H:H),"")} -> 30/01 | W29: {=IFERROR(_xlfn.XLOOKUP($F29,'Acerto virtual'!$E:$E,'Acerto virtual'!I:I),"")} -> CERTIFICADO e colocar SN no termo | X29: {=IFERROR(_xlfn.XLOOKUP($F29,'Acerto virtual'!$E:$E,'Acerto virtual'!J:J),"")} | Y29: {=IFERROR(_xlfn.XLOOKUP($F29,'Acerto virtual'!$E:$E,'Acerto virtual'!K:K),"")} | Z29: {=IFERROR(_xlfn.XLOOKUP($F29,'Acerto virtual'!$E:$E,'Acerto virtual'!L:L),"")} | AA29: {=IFERROR(_xlfn.XLOOKUP($F29,'Acerto virtual'!$E:$E,'Acerto virtual'!M:M),"")} | AB29: {=IFERROR(_xlfn.XLOOKUP($F29,'Acerto virtual'!$E:$E,'Acerto virtual'!N:N),"")} | AC29: {=IFERROR(_xlfn.XLOOKUP($F29,'Acerto virtual'!$E:$E,'Acerto virtual'!O:O),"")} | AD29: {=IFERROR(_xlfn.XLOOKUP($F29,'Acerto virtual'!$E:$E,'Acerto virtual'!P:P),"")} | AE29: {=IFERROR(_xlfn.XLOOKUP($F29,'Acerto virtual'!$E:$E,'Acerto virtual'!Q:Q),"")} | AF29: {=IFERROR(_xlfn.XLOOKUP($F29,'Acerto virtual'!$E:$E,'Acerto virtual'!R:R),"")} | AG29: {=IFERROR(_xlfn.XLOOKUP($F29,'Acerto virtual'!$E:$E,'Acerto virtual'!S:S),"")} | AH29: {=IFERROR(_xlfn.XLOOKUP($F29,'Acerto virtual'!$E:$E,'Acerto virtual'!T:T),"")} | AI29: {=IFERROR(_xlfn.XLOOKUP($F29,'Acerto virtual'!$E:$E,'Acerto virtual'!U:U),"")}
A30: 26 | B30: 3040250732 | C30: {=IFERROR(_xlfn.XLOOKUP($B30,'Histórico'!$B:$B,'Histórico'!$I:$I),"")} -> 069-1025-25 | D30: {=IFERROR(_xlfn.XLOOKUP($B30,'Histórico'!$B:$B,'Histórico'!$J:$J),"")} -> 22373 | E30: {=IFERROR(_xlfn.XLOOKUP($B30,'Histórico'!$B:$B,'Histórico'!$K:$K),"")} -> RECEIVER-TRANSMITTER,RADIO - KX165 | F30: {=IFERROR(_xlfn.XLOOKUP($B30,'Histórico'!$B:$B,'Histórico'!$L:$L),"")} -> 75123 | G30: {=IFERROR(_xlfn.XLOOKUP($B30,'Histórico'!$B:$B,'Histórico'!$F:$F),"")} -> 20/03/2025 | H30: {=IFERROR(_xlfn.XLOOKUP($B30,'Histórico'!$B:$B,'Histórico'!$AA:$AA),"")} -> PAMALS | I30: {=IFERROR(_xlfn.XLOOKUP($B30,Atual!$B:$B,Atual!$E:$E),"OS concluída")} -> REC | J30: =IF(G30="","",IF(I30="OS concluída","",$D$1-G30)) -> 574 | L30: =IF(N30="","",IFERROR(N30-G30,"NÃO APLICÁVEL")) -> NÃO APLICÁVEL | N30: {=IFERROR(_xlfn.XLOOKUP($B30,EMPRESA_1!A:A,EMPRESA_1!J:J),"")} -> EM REPARO | O30: {=IFERROR(_xlfn.XLOOKUP(B30,EMPRESA_1!A:A,EMPRESA_1!K:K),"")} -> WILLIAM | P30: {=IFERROR(_xlfn.XLOOKUP(B30,EMPRESA_1!A:A,EMPRESA_1!L:L),"")} | Q30: {=IFERROR(_xlfn.XLOOKUP(B30,EMPRESA_1!A:A,EMPRESA_1!J:J),"")} -> EM REPARO | R30: {=IFERROR(_xlfn.XLOOKUP(B30,EMPRESA_1!A:A,EMPRESA_1!M:M),"")} | T30: {=IFERROR(_xlfn.XLOOKUP($F30,'Acerto virtual'!$E:$E,'Acerto virtual'!F:F),"")} | U30: {=IFERROR(_xlfn.XLOOKUP($F30,'Acerto virtual'!$E:$E,'Acerto virtual'!G:G),"")} | V30: {=IFERROR(_xlfn.XLOOKUP($F30,'Acerto virtual'!$E:$E,'Acerto virtual'!H:H),"")} | W30: {=IFERROR(_xlfn.XLOOKUP($F30,'Acerto virtual'!$E:$E,'Acerto virtual'!I:I),"")} | X30: {=IFERROR(_xlfn.XLOOKUP($F30,'Acerto virtual'!$E:$E,'Acerto virtual'!J:J),"")} | Y30: {=IFERROR(_xlfn.XLOOKUP($F30,'Acerto virtual'!$E:$E,'Acerto virtual'!K:K),"")} | Z30: {=IFERROR(_xlfn.XLOOKUP($F30,'Acerto virtual'!$E:$E,'Acerto virtual'!L:L),"")} | AA30: {=IFERROR(_xlfn.XLOOKUP($F30,'Acerto virtual'!$E:$E,'Acerto virtual'!M:M),"")} | AB30: {=IFERROR(_xlfn.XLOOKUP($F30,'Acerto virtual'!$E:$E,'Acerto virtual'!N:N),"")} | AC30: {=IFERROR(_xlfn.XLOOKUP($F30,'Acerto virtual'!$E:$E,'Acerto virtual'!O:O),"")} | AD30: {=IFERROR(_xlfn.XLOOKUP($F30,'Acerto virtual'!$E:$E,'Acerto virtual'!P:P),"")} | AE30: {=IFERROR(_xlfn.XLOOKUP($F30,'Acerto virtual'!$E:$E,'Acerto virtual'!Q:Q),"")} | AF30: {=IFERROR(_xlfn.XLOOKUP($F30,'Acerto virtual'!$E:$E,'Acerto virtual'!R:R),"")} | AG30: {=IFERROR(_xlfn.XLOOKUP($F30,'Acerto virtual'!$E:$E,'Acerto virtual'!S:S),"")} | AH30: {=IFERROR(_xlfn.XLOOKUP($F30,'Acerto virtual'!$E:$E,'Acerto virtual'!T:T),"")} | AI30: {=IFERROR(_xlfn.XLOOKUP($F30,'Acerto virtual'!$E:$E,'Acerto virtual'!U:U),"")}
A31: 27 | B31: 3040250782 | C31: {=IFERROR(_xlfn.XLOOKUP($B31,'Histórico'!$B:$B,'Histórico'!$I:$I),"")} -> 2606012-1 | D31: {=IFERROR(_xlfn.XLOOKUP($B31,'Histórico'!$B:$B,'Histórico'!$J:$J),"")} -> 7EK50 | E31: {=IFERROR(_xlfn.XLOOKUP($B31,'Histórico'!$B:$B,'Histórico'!$K:$K),"")} -> INDICATOR-INTER-TURBINE TEMPERATURE | F31: {=IFERROR(_xlfn.XLOOKUP($B31,'Histórico'!$B:$B,'Histórico'!$L:$L),"")} -> 00B205C | G31: {=IFERROR(_xlfn.XLOOKUP($B31,'Histórico'!$B:$B,'Histórico'!$F:$F),"")} -> 20/03/2025 | H31: {=IFERROR(_xlfn.XLOOKUP($B31,'Histórico'!$B:$B,'Histórico'!$AA:$AA),"")} -> ALA 9 | I31: {=IFERROR(_xlfn.XLOOKUP($B31,Atual!$B:$B,Atual!$E:$E),"OS concluída")} -> OS concluída | J31: =IF(G31="","",IF(I31="OS concluída","",$D$1-G31)) | L31: =IF(N31="","",IFERROR(N31-G31,"NÃO APLICÁVEL")) | N31: =IFERROR(_xlfn.XLOOKUP($B31,Empresa!G:G,Empresa!K:K),"") | P31: =IFERROR(_xlfn.XLOOKUP($F31,'Vee one'!F:F,'Vee one'!O:O),"") | Q31: =IFERROR(_xlfn.XLOOKUP($F31,'Vee one'!F:F,'Vee one'!K:K),"")
A32: 28 | B32: 3040250775 | C32: {=IFERROR(_xlfn.XLOOKUP($B32,'Histórico'!$B:$B,'Histórico'!$I:$I),"")} -> 161-11700 | D32: {=IFERROR(_xlfn.XLOOKUP($B32,'Histórico'!$B:$B,'Histórico'!$J:$J),"")} -> 71513 | E32: {=IFERROR(_xlfn.XLOOKUP($B32,'Histórico'!$B:$B,'Histórico'!$K:$K),"")} -> INNER WHEEL HALF ASSY | F32: {=IFERROR(_xlfn.XLOOKUP($B32,'Histórico'!$B:$B,'Histórico'!$L:$L),"")} -> 277 | G32: {=IFERROR(_xlfn.XLOOKUP($B32,'Histórico'!$B:$B,'Histórico'!$F:$F),"")} -> 20/03/2025 | H32: {=IFERROR(_xlfn.XLOOKUP($B32,'Histórico'!$B:$B,'Histórico'!$AA:$AA),"")} -> BABE | I32: {=IFERROR(_xlfn.XLOOKUP($B32,Atual!$B:$B,Atual!$E:$E),"OS concluída")} -> OS concluída | J32: =IF(G32="","",IF(I32="OS concluída","",$D$1-G32)) | L32: =IF(N32="","",IFERROR(N32-G32,"NÃO APLICÁVEL")) | N32: =IFERROR(_xlfn.XLOOKUP($B32,Empresa!G:G,Empresa!K:K),"") | P32: =IFERROR(_xlfn.XLOOKUP($F32,'Vee one'!F:F,'Vee one'!O:O),"") | Q32: =IFERROR(_xlfn.XLOOKUP($F32,'Vee one'!F:F,'Vee one'!K:K),"")
A33: 29 | B33: 3040250773 | C33: {=IFERROR(_xlfn.XLOOKUP($B33,'Histórico'!$B:$B,'Histórico'!$I:$I),"")} -> 161-11700 | D33: {=IFERROR(_xlfn.XLOOKUP($B33,'Histórico'!$B:$B,'Histórico'!$J:$J),"")} -> 71513 | E33: {=IFERROR(_xlfn.XLOOKUP($B33,'Histórico'!$B:$B,'Histórico'!$K:$K),"")} -> INNER WHEEL HALF ASSY | F33: {=IFERROR(_xlfn.XLOOKUP($B33,'Histórico'!$B:$B,'Histórico'!$L:$L),"")} -> 42 | G33: {=IFERROR(_xlfn.XLOOKUP($B33,'Histórico'!$B:$B,'Histórico'!$F:$F),"")} -> 20/03/2025 | H33: {=IFERROR(_xlfn.XLOOKUP($B33,'Histórico'!$B:$B,'Histórico'!$AA:$AA),"")} -> EEAR | I33: {=IFERROR(_xlfn.XLOOKUP($B33,Atual!$B:$B,Atual!$E:$E),"OS concluída")} -> REC | J33: =IF(G33="","",IF(I33="OS concluída","",$D$1-G33)) -> 574 | L33: =IF(N33="","",IFERROR(N33-G33,"NÃO APLICÁVEL")) -> 209 | N33: {=IFERROR(_xlfn.XLOOKUP($B33,EMPRESA_1!A:A,EMPRESA_1!J:J),"")} -> 45945 | O33: {=IFERROR(_xlfn.XLOOKUP(B33,EMPRESA_1!A:A,EMPRESA_1!K:K),"")} -> BACG | P33: {=IFERROR(_xlfn.XLOOKUP(B33,EMPRESA_1!A:A,EMPRESA_1!L:L),"")} -> 161/FAB/25 | Q33: {=IFERROR(_xlfn.XLOOKUP(B33,EMPRESA_1!A:A,EMPRESA_1!J:J),"")} -> 45945 | R33: {=IFERROR(_xlfn.XLOOKUP(B33,EMPRESA_1!A:A,EMPRESA_1!M:M),"")} | T33: {=IFERROR(_xlfn.XLOOKUP($F33,'Acerto virtual'!$E:$E,'Acerto virtual'!F:F),"")} | U33: {=IFERROR(_xlfn.XLOOKUP($F33,'Acerto virtual'!$E:$E,'Acerto virtual'!G:G),"")} | V33: {=IFERROR(_xlfn.XLOOKUP($F33,'Acerto virtual'!$E:$E,'Acerto virtual'!H:H),"")} | W33: {=IFERROR(_xlfn.XLOOKUP($F33,'Acerto virtual'!$E:$E,'Acerto virtual'!I:I),"")} | X33: {=IFERROR(_xlfn.XLOOKUP($F33,'Acerto virtual'!$E:$E,'Acerto virtual'!J:J),"")} | Y33: {=IFERROR(_xlfn.XLOOKUP($F33,'Acerto virtual'!$E:$E,'Acerto virtual'!K:K),"")} | Z33: {=IFERROR(_xlfn.XLOOKUP($F33,'Acerto virtual'!$E:$E,'Acerto virtual'!L:L),"")} | AA33: {=IFERROR(_xlfn.XLOOKUP($F33,'Acerto virtual'!$E:$E,'Acerto virtual'!M:M),"")} | AB33: {=IFERROR(_xlfn.XLOOKUP($F33,'Acerto virtual'!$E:$E,'Acerto virtual'!N:N),"")} | AC33: {=IFERROR(_xlfn.XLOOKUP($F33,'Acerto virtual'!$E:$E,'Acerto virtual'!O:O),"")} | AD33: {=IFERROR(_xlfn.XLOOKUP($F33,'Acerto virtual'!$E:$E,'Acerto virtual'!P:P),"")} | AE33: {=IFERROR(_xlfn.XLOOKUP($F33,'Acerto virtual'!$E:$E,'Acerto virtual'!Q:Q),"")} | AF33: {=IFERROR(_xlfn.XLOOKUP($F33,'Acerto virtual'!$E:$E,'Acerto virtual'!R:R),"")} | AG33: {=IFERROR(_xlfn.XLOOKUP($F33,'Acerto virtual'!$E:$E,'Acerto virtual'!S:S),"")} | AH33: {=IFERROR(_xlfn.XLOOKUP($F33,'Acerto virtual'!$E:$E,'Acerto virtual'!T:T),"")} | AI33: {=IFERROR(_xlfn.XLOOKUP($F33,'Acerto virtual'!$E:$E,'Acerto virtual'!U:U),"")}
A34: 30 | B34: 3040250718 | C34: {=IFERROR(_xlfn.XLOOKUP($B34,'Histórico'!$B:$B,'Histórico'!$I:$I),"")} -> 030-18200 | D34: {=IFERROR(_xlfn.XLOOKUP($B34,'Histórico'!$B:$B,'Histórico'!$J:$J),"")} -> 33269 | E34: {=IFERROR(_xlfn.XLOOKUP($B34,'Histórico'!$B:$B,'Histórico'!$K:$K),"")} -> MAIN WHEEL BRAKE | F34: {=IFERROR(_xlfn.XLOOKUP($B34,'Histórico'!$B:$B,'Histórico'!$L:$L),"")} -> 7951 | G34: {=IFERROR(_xlfn.XLOOKUP($B34,'Histórico'!$B:$B,'Histórico'!$F:$F),"")} -> 20/03/2025 | H34: {=IFERROR(_xlfn.XLOOKUP($B34,'Histórico'!$B:$B,'Histórico'!$AA:$AA),"")} -> BACO | I34: {=IFERROR(_xlfn.XLOOKUP($B34,Atual!$B:$B,Atual!$E:$E),"OS concluída")} -> OS concluída | J34: =IF(G34="","",IF(I34="OS concluída","",$D$1-G34)) | L34: =IF(N34="","",IFERROR(N34-G34,"NÃO APLICÁVEL")) | N34: {=IFERROR(_xlfn.XLOOKUP($B34,Empresa!G:G,Empresa!K:K),"")} | P34: {=IFERROR(_xlfn.XLOOKUP($F34,'Vee one'!F:F,'Vee one'!O:O),"")} | Q34: {=IFERROR(_xlfn.XLOOKUP($F34,'Vee one'!F:F,'Vee one'!K:K),"")}
A35: 31 | B35: 3040250716 | C35: {=IFERROR(_xlfn.XLOOKUP($B35,'Histórico'!$B:$B,'Histórico'!$I:$I),"")} -> 030-18200 | D35: {=IFERROR(_xlfn.XLOOKUP($B35,'Histórico'!$B:$B,'Histórico'!$J:$J),"")} -> 33269 | E35: {=IFERROR(_xlfn.XLOOKUP($B35,'Histórico'!$B:$B,'Histórico'!$K:$K),"")} -> MAIN WHEEL BRAKE | F35: {=IFERROR(_xlfn.XLOOKUP($B35,'Histórico'!$B:$B,'Histórico'!$L:$L),"")} -> 5028A | G35: {=IFERROR(_xlfn.XLOOKUP($B35,'Histórico'!$B:$B,'Histórico'!$F:$F),"")} -> 20/03/2025 | H35: {=IFERROR(_xlfn.XLOOKUP($B35,'Histórico'!$B:$B,'Histórico'!$AA:$AA),"")} -> BABV | I35: {=IFERROR(_xlfn.XLOOKUP($B35,Atual!$B:$B,Atual!$E:$E),"OS concluída")} -> REC | J35: =IF(G35="","",IF(I35="OS concluída","",$D$1-G35)) -> 574 | L35: =IF(N35="","",IFERROR(N35-G35,"NÃO APLICÁVEL")) -> NÃO APLICÁVEL | N35: {=IFERROR(_xlfn.XLOOKUP($B35,EMPRESA_1!A:A,EMPRESA_1!J:J),"")} -> EM REPARO | O35: {=IFERROR(_xlfn.XLOOKUP(B35,EMPRESA_1!A:A,EMPRESA_1!K:K),"")} -> LEAP | P35: {=IFERROR(_xlfn.XLOOKUP(B35,EMPRESA_1!A:A,EMPRESA_1!L:L),"")} | Q35: {=IFERROR(_xlfn.XLOOKUP(B35,EMPRESA_1!A:A,EMPRESA_1!J:J),"")} -> EM REPARO | R35: {=IFERROR(_xlfn.XLOOKUP(B35,EMPRESA_1!A:A,EMPRESA_1!M:M),"")} | T35: {=IFERROR(_xlfn.XLOOKUP($F35,'Acerto virtual'!$E:$E,'Acerto virtual'!F:F),"")} | U35: {=IFERROR(_xlfn.XLOOKUP($F35,'Acerto virtual'!$E:$E,'Acerto virtual'!G:G),"")} | V35: {=IFERROR(_xlfn.XLOOKUP($F35,'Acerto virtual'!$E:$E,'Acerto virtual'!H:H),"")} | W35: {=IFERROR(_xlfn.XLOOKUP($F35,'Acerto virtual'!$E:$E,'Acerto virtual'!I:I),"")} | X35: {=IFERROR(_xlfn.XLOOKUP($F35,'Acerto virtual'!$E:$E,'Acerto virtual'!J:J),"")} | Y35: {=IFERROR(_xlfn.XLOOKUP($F35,'Acerto virtual'!$E:$E,'Acerto virtual'!K:K),"")} | Z35: {=IFERROR(_xlfn.XLOOKUP($F35,'Acerto virtual'!$E:$E,'Acerto virtual'!L:L),"")} | AA35: {=IFERROR(_xlfn.XLOOKUP($F35,'Acerto virtual'!$E:$E,'Acerto virtual'!M:M),"")} | AB35: {=IFERROR(_xlfn.XLOOKUP($F35,'Acerto virtual'!$E:$E,'Acerto virtual'!N:N),"")} | AC35: {=IFERROR(_xlfn.XLOOKUP($F35,'Acerto virtual'!$E:$E,'Acerto virtual'!O:O),"")} | AD35: {=IFERROR(_xlfn.XLOOKUP($F35,'Acerto virtual'!$E:$E,'Acerto virtual'!P:P),"")} | AE35: {=IFERROR(_xlfn.XLOOKUP($F35,'Acerto virtual'!$E:$E,'Acerto virtual'!Q:Q),"")} | AF35: {=IFERROR(_xlfn.XLOOKUP($F35,'Acerto virtual'!$E:$E,'Acerto virtual'!R:R),"")} | AG35: {=IFERROR(_xlfn.XLOOKUP($F35,'Acerto virtual'!$E:$E,'Acerto virtual'!S:S),"")} | AH35: {=IFERROR(_xlfn.XLOOKUP($F35,'Acerto virtual'!$E:$E,'Acerto virtual'!T:T),"")} | AI35: {=IFERROR(_xlfn.XLOOKUP($F35,'Acerto virtual'!$E:$E,'Acerto virtual'!U:U),"")}
A36: 32 | B36: 3040250717 | C36: {=IFERROR(_xlfn.XLOOKUP($B36,'Histórico'!$B:$B,'Histórico'!$I:$I),"")} -> 030-18200 | D36: {=IFERROR(_xlfn.XLOOKUP($B36,'Histórico'!$B:$B,'Histórico'!$J:$J),"")} -> 33269 | E36: {=IFERROR(_xlfn.XLOOKUP($B36,'Histórico'!$B:$B,'Histórico'!$K:$K),"")} -> MAIN WHEEL BRAKE | F36: {=IFERROR(_xlfn.XLOOKUP($B36,'Histórico'!$B:$B,'Histórico'!$L:$L),"")} -> 122 | G36: {=IFERROR(_xlfn.XLOOKUP($B36,'Histórico'!$B:$B,'Histórico'!$F:$F),"")} -> 20/03/2025 | H36: {=IFERROR(_xlfn.XLOOKUP($B36,'Histórico'!$B:$B,'Histórico'!$AA:$AA),"")} -> BACO | I36: {=IFERROR(_xlfn.XLOOKUP($B36,Atual!$B:$B,Atual!$E:$E),"OS concluída")} -> OS concluída | J36: =IF(G36="","",IF(I36="OS concluída","",$D$1-G36)) | L36: =IF(N36="","",IFERROR(N36-G36,"NÃO APLICÁVEL")) | N36: =IFERROR(_xlfn.XLOOKUP($B36,Empresa!G:G,Empresa!K:K),"") | P36: =IFERROR(_xlfn.XLOOKUP($F36,'Vee one'!F:F,'Vee one'!O:O),"") | Q36: =IFERROR(_xlfn.XLOOKUP($F36,'Vee one'!F:F,'Vee one'!K:K),"")
A37: 33 | B37: 3040250780 | C37: {=IFERROR(_xlfn.XLOOKUP($B37,'Histórico'!$B:$B,'Histórico'!$I:$I),"")} -> 162-11800 | D37: {=IFERROR(_xlfn.XLOOKUP($B37,'Histórico'!$B:$B,'Histórico'!$J:$J),"")} -> 33269 | E37: {=IFERROR(_xlfn.XLOOKUP($B37,'Histórico'!$B:$B,'Histórico'!$K:$K),"")} -> WHEEL HALF ASSY-OUTER | F37: {=IFERROR(_xlfn.XLOOKUP($B37,'Histórico'!$B:$B,'Histórico'!$L:$L),"")} -> 27 | G37: {=IFERROR(_xlfn.XLOOKUP($B37,'Histórico'!$B:$B,'Histórico'!$F:$F),"")} -> 20/03/2025 | H37: {=IFERROR(_xlfn.XLOOKUP($B37,'Histórico'!$B:$B,'Histórico'!$AA:$AA),"")} -> PAMALS | I37: {=IFERROR(_xlfn.XLOOKUP($B37,Atual!$B:$B,Atual!$E:$E),"OS concluída")} -> OS concluída | J37: =IF(G37="","",IF(I37="OS concluída","",$D$1-G37)) | L37: =IF(N37="","",IFERROR(N37-G37,"NÃO APLICÁVEL")) | N37: =IFERROR(_xlfn.XLOOKUP($B37,Empresa!G:G,Empresa!K:K),"") | P37: =IFERROR(_xlfn.XLOOKUP($F37,'Vee one'!F:F,'Vee one'!O:O),"") | Q37: =IFERROR(_xlfn.XLOOKUP($F37,'Vee one'!F:F,'Vee one'!K:K),"")
A38: 34 | B38: 3040250781 | C38: {=IFERROR(_xlfn.XLOOKUP($B38,'Histórico'!$B:$B,'Histórico'!$I:$I),"")} -> 162-11800 | D38: {=IFERROR(_xlfn.XLOOKUP($B38,'Histórico'!$B:$B,'Histórico'!$J:$J),"")} -> 33269 | E38: {=IFERROR(_xlfn.XLOOKUP($B38,'Histórico'!$B:$B,'Histórico'!$K:$K),"")} -> WHEEL HALF ASSY-OUTER | F38: {=IFERROR(_xlfn.XLOOKUP($B38,'Histórico'!$B:$B,'Histórico'!$L:$L),"")} -> 02B | G38: {=IFERROR(_xlfn.XLOOKUP($B38,'Histórico'!$B:$B,'Histórico'!$F:$F),"")} -> 20/03/2025 | H38: {=IFERROR(_xlfn.XLOOKUP($B38,'Histórico'!$B:$B,'Histórico'!$AA:$AA),"")} -> BACG | I38: {=IFERROR(_xlfn.XLOOKUP($B38,Atual!$B:$B,Atual!$E:$E),"OS concluída")} -> OS concluída | J38: =IF(G38="","",IF(I38="OS concluída","",$D$1-G38)) | L38: =IF(N38="","",IFERROR(N38-G38,"NÃO APLICÁVEL")) | N38: =IFERROR(_xlfn.XLOOKUP($B38,Empresa!G:G,Empresa!K:K),"") | P38: =IFERROR(_xlfn.XLOOKUP($F38,'Vee one'!F:F,'Vee one'!O:O),"") | Q38: =IFERROR(_xlfn.XLOOKUP($F38,'Vee one'!F:F,'Vee one'!K:K),"")
A39: 35 | B39: 3040250778 | C39: {=IFERROR(_xlfn.XLOOKUP($B39,'Histórico'!$B:$B,'Histórico'!$I:$I),"")} -> 161-12800 | D39: {=IFERROR(_xlfn.XLOOKUP($B39,'Histórico'!$B:$B,'Histórico'!$J:$J),"")} -> 71513 | E39: {=IFERROR(_xlfn.XLOOKUP($B39,'Histórico'!$B:$B,'Histórico'!$K:$K),"")} -> WHEEL HALF ASSY-INNER | F39: {=IFERROR(_xlfn.XLOOKUP($B39,'Histórico'!$B:$B,'Histórico'!$L:$L),"")} -> 291 | G39: {=IFERROR(_xlfn.XLOOKUP($B39,'Histórico'!$B:$B,'Histórico'!$F:$F),"")} -> 20/03/2025 | H39: {=IFERROR(_xlfn.XLOOKUP($B39,'Histórico'!$B:$B,'Histórico'!$AA:$AA),"")} -> BACG | I39: {=IFERROR(_xlfn.XLOOKUP($B39,Atual!$B:$B,Atual!$E:$E),"OS concluída")} -> OS concluída | J39: =IF(G39="","",IF(I39="OS concluída","",$D$1-G39)) | L39: =IF(N39="","",IFERROR(N39-G39,"NÃO APLICÁVEL")) | N39: =IFERROR(_xlfn.XLOOKUP($B39,Empresa!G:G,Empresa!K:K),"") | P39: =IFERROR(_xlfn.XLOOKUP($F39,'Vee one'!F:F,'Vee one'!O:O),"") | Q39: =IFERROR(_xlfn.XLOOKUP($F39,'Vee one'!F:F,'Vee one'!K:K),"")
A40: 36 | B40: 3040250776 | C40: {=IFERROR(_xlfn.XLOOKUP($B40,'Histórico'!$B:$B,'Histórico'!$I:$I),"")} -> 161-12800 | D40: {=IFERROR(_xlfn.XLOOKUP($B40,'Histórico'!$B:$B,'Histórico'!$J:$J),"")} -> 71513 | E40: {=IFERROR(_xlfn.XLOOKUP($B40,'Histórico'!$B:$B,'Histórico'!$K:$K),"")} -> WHEEL HALF ASSY-INNER | F40: {=IFERROR(_xlfn.XLOOKUP($B40,'Histórico'!$B:$B,'Histórico'!$L:$L),"")} -> 0011 | G40: {=IFERROR(_xlfn.XLOOKUP($B40,'Histórico'!$B:$B,'Histórico'!$F:$F),"")} -> 20/03/2025 | H40: {=IFERROR(_xlfn.XLOOKUP($B40,'Histórico'!$B:$B,'Histórico'!$AA:$AA),"")} -> BABE | I40: {=IFERROR(_xlfn.XLOOKUP($B40,Atual!$B:$B,Atual!$E:$E),"OS concluída")} -> OS concluída | J40: =IF(G40="","",IF(I40="OS concluída","",$D$1-G40)) | L40: =IF(N40="","",IFERROR(N40-G40,"NÃO APLICÁVEL")) | N40: =IFERROR(_xlfn.XLOOKUP($B40,Empresa!G:G,Empresa!K:K),"") | P40: =IFERROR(_xlfn.XLOOKUP($F40,'Vee one'!F:F,'Vee one'!O:O),"") | Q40: =IFERROR(_xlfn.XLOOKUP($F40,'Vee one'!F:F,'Vee one'!K:K),"")
A41: 37 | B41: 3040250790 | C41: {=IFERROR(_xlfn.XLOOKUP($B41,'Histórico'!$B:$B,'Histórico'!$I:$I),"")} -> 2643031-7 | D41: {=IFERROR(_xlfn.XLOOKUP($B41,'Histórico'!$B:$B,'Histórico'!$J:$J),"")} -> 7EK50 | E41: {=IFERROR(_xlfn.XLOOKUP($B41,'Histórico'!$B:$B,'Histórico'!$K:$K),"")} -> FORK ASSY,NOSE GEAR SPRING | F41: {=IFERROR(_xlfn.XLOOKUP($B41,'Histórico'!$B:$B,'Histórico'!$L:$L),"")} -> 791 | G41: {=IFERROR(_xlfn.XLOOKUP($B41,'Histórico'!$B:$B,'Histórico'!$F:$F),"")} -> 20/03/2025 | H41: {=IFERROR(_xlfn.XLOOKUP($B41,'Histórico'!$B:$B,'Histórico'!$AA:$AA),"")} -> BAMN | I41: {=IFERROR(_xlfn.XLOOKUP($B41,Atual!$B:$B,Atual!$E:$E),"OS concluída")} -> OS concluída | J41: =IF(G41="","",IF(I41="OS concluída","",$D$1-G41)) | L41: =IF(N41="","",IFERROR(N41-G41,"NÃO APLICÁVEL")) | N41: =IFERROR(_xlfn.XLOOKUP($B41,Empresa!G:G,Empresa!K:K),"") | P41: =IFERROR(_xlfn.XLOOKUP($F41,'Vee one'!F:F,'Vee one'!O:O),"") | Q41: =IFERROR(_xlfn.XLOOKUP($F41,'Vee one'!F:F,'Vee one'!K:K),"")
A42: 38 | B42: 3040250791 | C42: {=IFERROR(_xlfn.XLOOKUP($B42,'Histórico'!$B:$B,'Histórico'!$I:$I),"")} -> 2643090-1 | D42: {=IFERROR(_xlfn.XLOOKUP($B42,'Histórico'!$B:$B,'Histórico'!$J:$J),"")} -> 7EK50 | E42: {=IFERROR(_xlfn.XLOOKUP($B42,'Histórico'!$B:$B,'Histórico'!$K:$K),"")} -> SHIMMY DAMPENE | F42: {=IFERROR(_xlfn.XLOOKUP($B42,'Histórico'!$B:$B,'Histórico'!$L:$L),"")} | G42: {=IFERROR(_xlfn.XLOOKUP($B42,'Histórico'!$B:$B,'Histórico'!$F:$F),"")} -> 20/03/2025 | H42: {=IFERROR(_xlfn.XLOOKUP($B42,'Histórico'!$B:$B,'Histórico'!$AA:$AA),"")} -> BANT | I42: {=IFERROR(_xlfn.XLOOKUP($B42,Atual!$B:$B,Atual!$E:$E),"OS concluída")} -> REC | J42: =IF(G42="","",IF(I42="OS concluída","",$D$1-G42)) -> 574 | L42: =IF(N42="","",IFERROR(N42-G42,"NÃO APLICÁVEL")) -> NÃO APLICÁVEL | N42: {=IFERROR(_xlfn.XLOOKUP($B42,EMPRESA_1!A:A,EMPRESA_1!J:J),"")} -> EM REPARO | O42: {=IFERROR(_xlfn.XLOOKUP(B42,EMPRESA_1!A:A,EMPRESA_1!K:K),"")} -> AV AERONAUTICA | P42: {=IFERROR(_xlfn.XLOOKUP(B42,EMPRESA_1!A:A,EMPRESA_1!L:L),"")} | Q42: {=IFERROR(_xlfn.XLOOKUP(B42,EMPRESA_1!A:A,EMPRESA_1!J:J),"")} -> EM REPARO | R42: {=IFERROR(_xlfn.XLOOKUP(B42,EMPRESA_1!A:A,EMPRESA_1!M:M),"")} | T42: {=IFERROR(_xlfn.XLOOKUP($F42,'Acerto virtual'!$E:$E,'Acerto virtual'!F:F),"")} | U42: {=IFERROR(_xlfn.XLOOKUP($F42,'Acerto virtual'!$E:$E,'Acerto virtual'!G:G),"")} | V42: {=IFERROR(_xlfn.XLOOKUP($F42,'Acerto virtual'!$E:$E,'Acerto virtual'!H:H),"")} | W42: {=IFERROR(_xlfn.XLOOKUP($F42,'Acerto virtual'!$E:$E,'Acerto virtual'!I:I),"")} | X42: {=IFERROR(_xlfn.XLOOKUP($F42,'Acerto virtual'!$E:$E,'Acerto virtual'!J:J),"")} | Y42: {=IFERROR(_xlfn.XLOOKUP($F42,'Acerto virtual'!$E:$E,'Acerto virtual'!K:K),"")} | Z42: {=IFERROR(_xlfn.XLOOKUP($F42,'Acerto virtual'!$E:$E,'Acerto virtual'!L:L),"")} | AA42: {=IFERROR(_xlfn.XLOOKUP($F42,'Acerto virtual'!$E:$E,'Acerto virtual'!M:M),"")} | AB42: {=IFERROR(_xlfn.XLOOKUP($F42,'Acerto virtual'!$E:$E,'Acerto virtual'!N:N),"")} | AC42: {=IFERROR(_xlfn.XLOOKUP($F42,'Acerto virtual'!$E:$E,'Acerto virtual'!O:O),"")} | AD42: {=IFERROR(_xlfn.XLOOKUP($F42,'Acerto virtual'!$E:$E,'Acerto virtual'!P:P),"")} | AE42: {=IFERROR(_xlfn.XLOOKUP($F42,'Acerto virtual'!$E:$E,'Acerto virtual'!Q:Q),"")} | AF42: {=IFERROR(_xlfn.XLOOKUP($F42,'Acerto virtual'!$E:$E,'Acerto virtual'!R:R),"")} | AG42: {=IFERROR(_xlfn.XLOOKUP($F42,'Acerto virtual'!$E:$E,'Acerto virtual'!S:S),"")} | AH42: {=IFERROR(_xlfn.XLOOKUP($F42,'Acerto virtual'!$E:$E,'Acerto virtual'!T:T),"")} | AI42: {=IFERROR(_xlfn.XLOOKUP($F42,'Acerto virtual'!$E:$E,'Acerto virtual'!U:U),"")}
A43: 39 | B43: 3040250792 | C43: {=IFERROR(_xlfn.XLOOKUP($B43,'Histórico'!$B:$B,'Histórico'!$I:$I),"")} -> 2643090-1 | D43: {=IFERROR(_xlfn.XLOOKUP($B43,'Histórico'!$B:$B,'Histórico'!$J:$J),"")} -> 7EK50 | E43: {=IFERROR(_xlfn.XLOOKUP($B43,'Histórico'!$B:$B,'Histórico'!$K:$K),"")} -> SHIMMY DAMPENE | F43: {=IFERROR(_xlfn.XLOOKUP($B43,'Histórico'!$B:$B,'Histórico'!$L:$L),"")} | G43: {=IFERROR(_xlfn.XLOOKUP($B43,'Histórico'!$B:$B,'Histórico'!$F:$F),"")} -> 20/03/2025 | H43: {=IFERROR(_xlfn.XLOOKUP($B43,'Histórico'!$B:$B,'Histórico'!$AA:$AA),"")} -> BAMN | I43: {=IFERROR(_xlfn.XLOOKUP($B43,Atual!$B:$B,Atual!$E:$E),"OS concluída")} -> OS concluída | J43: =IF(G43="","",IF(I43="OS concluída","",$D$1-G43)) | L43: =IF(N43="","",IFERROR(N43-G43,"NÃO APLICÁVEL")) -> NÃO APLICÁVEL | N43: {=IFERROR(_xlfn.XLOOKUP($B43,EMPRESA_1!A:A,EMPRESA_1!J:J),"")} -> REPARADO | O43: {=IFERROR(_xlfn.XLOOKUP(B43,EMPRESA_1!A:A,EMPRESA_1!K:K),"")} -> V1 PAMA-LS | P43: {=IFERROR(_xlfn.XLOOKUP(B43,EMPRESA_1!A:A,EMPRESA_1!L:L),"")} | Q43: {=IFERROR(_xlfn.XLOOKUP(B43,EMPRESA_1!A:A,EMPRESA_1!J:J),"")} -> REPARADO | R43: {=IFERROR(_xlfn.XLOOKUP(B43,EMPRESA_1!A:A,EMPRESA_1!M:M),"")} | T43: {=IFERROR(_xlfn.XLOOKUP($F43,'Acerto virtual'!$E:$E,'Acerto virtual'!F:F),"")} | U43: {=IFERROR(_xlfn.XLOOKUP($F43,'Acerto virtual'!$E:$E,'Acerto virtual'!G:G),"")} | V43: {=IFERROR(_xlfn.XLOOKUP($F43,'Acerto virtual'!$E:$E,'Acerto virtual'!H:H),"")} | W43: {=IFERROR(_xlfn.XLOOKUP($F43,'Acerto virtual'!$E:$E,'Acerto virtual'!I:I),"")} | X43: {=IFERROR(_xlfn.XLOOKUP($F43,'Acerto virtual'!$E:$E,'Acerto virtual'!J:J),"")} | Y43: {=IFERROR(_xlfn.XLOOKUP($F43,'Acerto virtual'!$E:$E,'Acerto virtual'!K:K),"")} | Z43: {=IFERROR(_xlfn.XLOOKUP($F43,'Acerto virtual'!$E:$E,'Acerto virtual'!L:L),"")} | AA43: {=IFERROR(_xlfn.XLOOKUP($F43,'Acerto virtual'!$E:$E,'Acerto virtual'!M:M),"")} | AB43: {=IFERROR(_xlfn.XLOOKUP($F43,'Acerto virtual'!$E:$E,'Acerto virtual'!N:N),"")} | AC43: {=IFERROR(_xlfn.XLOOKUP($F43,'Acerto virtual'!$E:$E,'Acerto virtual'!O:O),"")} | AD43: {=IFERROR(_xlfn.XLOOKUP($F43,'Acerto virtual'!$E:$E,'Acerto virtual'!P:P),"")} | AE43: {=IFERROR(_xlfn.XLOOKUP($F43,'Acerto virtual'!$E:$E,'Acerto virtual'!Q:Q),"")} | AF43: {=IFERROR(_xlfn.XLOOKUP($F43,'Acerto virtual'!$E:$E,'Acerto virtual'!R:R),"")} | AG43: {=IFERROR(_xlfn.XLOOKUP($F43,'Acerto virtual'!$E:$E,'Acerto virtual'!S:S),"")} | AH43: {=IFERROR(_xlfn.XLOOKUP($F43,'Acerto virtual'!$E:$E,'Acerto virtual'!T:T),"")} | AI43: {=IFERROR(_xlfn.XLOOKUP($F43,'Acerto virtual'!$E:$E,'Acerto virtual'!U:U),"")}
A44: 40 | B44: 3040250789 | C44: {=IFERROR(_xlfn.XLOOKUP($B44,'Histórico'!$B:$B,'Histórico'!$I:$I),"")} -> 2641012-14 | D44: {=IFERROR(_xlfn.XLOOKUP($B44,'Histórico'!$B:$B,'Histórico'!$J:$J),"")} -> 7EK50 | E44: {=IFERROR(_xlfn.XLOOKUP($B44,'Histórico'!$B:$B,'Histórico'!$K:$K),"")} -> TRUNNION ASSY-RH-MAIN GEAR | F44: {=IFERROR(_xlfn.XLOOKUP($B44,'Histórico'!$B:$B,'Histórico'!$L:$L),"")} -> 988 | G44: {=IFERROR(_xlfn.XLOOKUP($B44,'Histórico'!$B:$B,'Histórico'!$F:$F),"")} -> 20/03/2025 | H44: {=IFERROR(_xlfn.XLOOKUP($B44,'Histórico'!$B:$B,'Histórico'!$AA:$AA),"")} -> PAMASP | I44: {=IFERROR(_xlfn.XLOOKUP($B44,Atual!$B:$B,Atual!$E:$E),"OS concluída")} -> OS concluída | J44: =IF(G44="","",IF(I44="OS concluída","",$D$1-G44)) | L44: =IF(N44="","",IFERROR(N44-G44,"NÃO APLICÁVEL")) | N44: =IFERROR(_xlfn.XLOOKUP($B44,Empresa!G:G,Empresa!K:K),"") | P44: =IFERROR(_xlfn.XLOOKUP($F44,'Vee one'!F:F,'Vee one'!O:O),"") | Q44: =IFERROR(_xlfn.XLOOKUP($F44,'Vee one'!F:F,'Vee one'!K:K),"")
A45: 41 | B45: 3040250793 | C45: {=IFERROR(_xlfn.XLOOKUP($B45,'Histórico'!$B:$B,'Histórico'!$I:$I),"")} -> 2643099-4 | D45: {=IFERROR(_xlfn.XLOOKUP($B45,'Histórico'!$B:$B,'Histórico'!$J:$J),"")} -> 7EK50 | E45: {=IFERROR(_xlfn.XLOOKUP($B45,'Histórico'!$B:$B,'Histórico'!$K:$K),"")} -> SUPPORT ASSY FOWARD, NLG SPRING | F45: {=IFERROR(_xlfn.XLOOKUP($B45,'Histórico'!$B:$B,'Histórico'!$L:$L),"")} -> 994 | G45: {=IFERROR(_xlfn.XLOOKUP($B45,'Histórico'!$B:$B,'Histórico'!$F:$F),"")} -> 20/03/2025 | H45: {=IFERROR(_xlfn.XLOOKUP($B45,'Histórico'!$B:$B,'Histórico'!$AA:$AA),"")} -> BAMN | I45: {=IFERROR(_xlfn.XLOOKUP($B45,Atual!$B:$B,Atual!$E:$E),"OS concluída")} -> OS concluída | J45: =IF(G45="","",IF(I45="OS concluída","",$D$1-G45)) | L45: =IF(N45="","",IFERROR(N45-G45,"NÃO APLICÁVEL")) | N45: =IFERROR(_xlfn.XLOOKUP($B45,Empresa!G:G,Empresa!K:K),"") | P45: =IFERROR(_xlfn.XLOOKUP($F45,'Vee one'!F:F,'Vee one'!O:O),"") | Q45: =IFERROR(_xlfn.XLOOKUP($F45,'Vee one'!F:F,'Vee one'!K:K),"")
A46: 42 | B46: 3040250798 | C46: {=IFERROR(_xlfn.XLOOKUP($B46,'Histórico'!$B:$B,'Histórico'!$I:$I),"")} -> 30994-001 | D46: {=IFERROR(_xlfn.XLOOKUP($B46,'Histórico'!$B:$B,'Histórico'!$J:$J),"")} -> 74025 | E46: {=IFERROR(_xlfn.XLOOKUP($B46,'Histórico'!$B:$B,'Histórico'!$K:$K),"")} -> BATTERY-MARATHON TSP410 NICAD | F46: {=IFERROR(_xlfn.XLOOKUP($B46,'Histórico'!$B:$B,'Histórico'!$L:$L),"")} -> 10603745 | G46: {=IFERROR(_xlfn.XLOOKUP($B46,'Histórico'!$B:$B,'Histórico'!$F:$F),"")} -> 20/03/2025 | H46: {=IFERROR(_xlfn.XLOOKUP($B46,'Histórico'!$B:$B,'Histórico'!$AA:$AA),"")} -> BANT | I46: {=IFERROR(_xlfn.XLOOKUP($B46,Atual!$B:$B,Atual!$E:$E),"OS concluída")} -> OS concluída | J46: =IF(G46="","",IF(I46="OS concluída","",$D$1-G46)) | L46: =IF(N46="","",IFERROR(N46-G46,"NÃO APLICÁVEL")) | N46: =IFERROR(_xlfn.XLOOKUP($B46,Empresa!G:G,Empresa!K:K),"") | O46: {=IFERROR(_xlfn.XLOOKUP(B46,EMPRESA_1!A:A,EMPRESA_1!K:K),"")} -> AMA - VEE ONE | P46: {=IFERROR(_xlfn.XLOOKUP(B46,EMPRESA_1!A:A,EMPRESA_1!L:L),"")} | Q46: {=IFERROR(_xlfn.XLOOKUP(B46,EMPRESA_1!A:A,EMPRESA_1!J:J),"")} -> CONDENADO | R46: {=IFERROR(_xlfn.XLOOKUP(B46,EMPRESA_1!A:A,EMPRESA_1!M:M),"")}
A47: 43 | B47: 3040252191 | C47: {=IFERROR(_xlfn.XLOOKUP($B47,'Histórico'!$B:$B,'Histórico'!$I:$I),"")} -> C611008-0101 | D47: {=IFERROR(_xlfn.XLOOKUP($B47,'Histórico'!$B:$B,'Histórico'!$J:$J),"")} -> 7EK50 | E47: {=IFERROR(_xlfn.XLOOKUP($B47,'Histórico'!$B:$B,'Histórico'!$K:$K),"")} -> ALTERNATOR CONTROL UNIT | F47: {=IFERROR(_xlfn.XLOOKUP($B47,'Histórico'!$B:$B,'Histórico'!$L:$L),"")} -> LS0414 | G47: {=IFERROR(_xlfn.XLOOKUP($B47,'Histórico'!$B:$B,'Histórico'!$F:$F),"")} -> 22/04/2025 | H47: {=IFERROR(_xlfn.XLOOKUP($B47,'Histórico'!$B:$B,'Histórico'!$AA:$AA),"")} -> PAMALS | I47: {=IFERROR(_xlfn.XLOOKUP($B47,Atual!$B:$B,Atual!$E:$E),"OS concluída")} -> REC | J47: =IF(G47="","",IF(I47="OS concluída","",$D$1-G47)) -> 541 | L47: =IF(N47="","",IFERROR(N47-G47,"NÃO APLICÁVEL")) -> 87 | N47: {=IFERROR(_xlfn.XLOOKUP($B47,EMPRESA_1!A:A,EMPRESA_1!J:J),"")} -> 45856 | O47: {=IFERROR(_xlfn.XLOOKUP(B47,EMPRESA_1!A:A,EMPRESA_1!K:K),"")} -> BABR | P47: {=IFERROR(_xlfn.XLOOKUP(B47,EMPRESA_1!A:A,EMPRESA_1!L:L),"")} -> 1034/2025 | Q47: {=IFERROR(_xlfn.XLOOKUP(B47,EMPRESA_1!A:A,EMPRESA_1!J:J),"")} -> 45856 | R47: {=IFERROR(_xlfn.XLOOKUP(B47,EMPRESA_1!A:A,EMPRESA_1!M:M),"")} | T47: {=IFERROR(_xlfn.XLOOKUP($F47,'Acerto virtual'!$E:$E,'Acerto virtual'!F:F),"")} -> 006/2025 | U47: {=IFERROR(_xlfn.XLOOKUP($F47,'Acerto virtual'!$E:$E,'Acerto virtual'!G:G),"")} -> 28/11 | V47: {=IFERROR(_xlfn.XLOOKUP($F47,'Acerto virtual'!$E:$E,'Acerto virtual'!H:H),"")} -> 15/01 | W47: {=IFERROR(_xlfn.XLOOKUP($F47,'Acerto virtual'!$E:$E,'Acerto virtual'!I:I),"")} -> 20/02 e 26/03 | X47: {=IFERROR(_xlfn.XLOOKUP($F47,'Acerto virtual'!$E:$E,'Acerto virtual'!J:J),"")} | Y47: {=IFERROR(_xlfn.XLOOKUP($F47,'Acerto virtual'!$E:$E,'Acerto virtual'!K:K),"")} | Z47: {=IFERROR(_xlfn.XLOOKUP($F47,'Acerto virtual'!$E:$E,'Acerto virtual'!L:L),"")} | AA47: {=IFERROR(_xlfn.XLOOKUP($F47,'Acerto virtual'!$E:$E,'Acerto virtual'!M:M),"")} | AB47: {=IFERROR(_xlfn.XLOOKUP($F47,'Acerto virtual'!$E:$E,'Acerto virtual'!N:N),"")} | AC47: {=IFERROR(_xlfn.XLOOKUP($F47,'Acerto virtual'!$E:$E,'Acerto virtual'!O:O),"")} | AD47: {=IFERROR(_xlfn.XLOOKUP($F47,'Acerto virtual'!$E:$E,'Acerto virtual'!P:P),"")} | AE47: {=IFERROR(_xlfn.XLOOKUP($F47,'Acerto virtual'!$E:$E,'Acerto virtual'!Q:Q),"")} | AF47: {=IFERROR(_xlfn.XLOOKUP($F47,'Acerto virtual'!$E:$E,'Acerto virtual'!R:R),"")} | AG47: {=IFERROR(_xlfn.XLOOKUP($F47,'Acerto virtual'!$E:$E,'Acerto virtual'!S:S),"")} | AH47: {=IFERROR(_xlfn.XLOOKUP($F47,'Acerto virtual'!$E:$E,'Acerto virtual'!T:T),"")} | AI47: {=IFERROR(_xlfn.XLOOKUP($F47,'Acerto virtual'!$E:$E,'Acerto virtual'!U:U),"")}
A48: 44 | B48: 3040252159 | C48: {=IFERROR(_xlfn.XLOOKUP($B48,'Histórico'!$B:$B,'Histórico'!$I:$I),"")} -> 011-00916-00 | D48: {=IFERROR(_xlfn.XLOOKUP($B48,'Histórico'!$B:$B,'Histórico'!$J:$J),"")} -> 0TRC3 | E48: {=IFERROR(_xlfn.XLOOKUP($B48,'Histórico'!$B:$B,'Histórico'!$K:$K),"")} -> DISPLAY UNIT GDU 1040A | F48: {=IFERROR(_xlfn.XLOOKUP($B48,'Histórico'!$B:$B,'Histórico'!$L:$L),"")} -> 86805596 | G48: {=IFERROR(_xlfn.XLOOKUP($B48,'Histórico'!$B:$B,'Histórico'!$F:$F),"")} -> 22/04/2025 | H48: {=IFERROR(_xlfn.XLOOKUP($B48,'Histórico'!$B:$B,'Histórico'!$AA:$AA),"")} -> BAMN | I48: {=IFERROR(_xlfn.XLOOKUP($B48,Atual!$B:$B,Atual!$E:$E),"OS concluída")} -> REC | J48: =IF(G48="","",IF(I48="OS concluída","",$D$1-G48)) -> 541 | L48: =IF(N48="","",IFERROR(N48-G48,"NÃO APLICÁVEL")) -> 331 | N48: {=IFERROR(_xlfn.XLOOKUP($B48,EMPRESA_1!A:A,EMPRESA_1!J:J),"")} -> 46100 | O48: {=IFERROR(_xlfn.XLOOKUP(B48,EMPRESA_1!A:A,EMPRESA_1!K:K),"")} -> BAMN | P48: {=IFERROR(_xlfn.XLOOKUP(B48,EMPRESA_1!A:A,EMPRESA_1!L:L),"")} -> 223/FAB/26 | Q48: {=IFERROR(_xlfn.XLOOKUP(B48,EMPRESA_1!A:A,EMPRESA_1!J:J),"")} -> 46100 | R48: {=IFERROR(_xlfn.XLOOKUP(B48,EMPRESA_1!A:A,EMPRESA_1!M:M),"")} -> 86818658 | T48: {=IFERROR(_xlfn.XLOOKUP($F48,'Acerto virtual'!$E:$E,'Acerto virtual'!F:F),"")} | U48: {=IFERROR(_xlfn.XLOOKUP($F48,'Acerto virtual'!$E:$E,'Acerto virtual'!G:G),"")} | V48: {=IFERROR(_xlfn.XLOOKUP($F48,'Acerto virtual'!$E:$E,'Acerto virtual'!H:H),"")} | W48: {=IFERROR(_xlfn.XLOOKUP($F48,'Acerto virtual'!$E:$E,'Acerto virtual'!I:I),"")} | X48: {=IFERROR(_xlfn.XLOOKUP($F48,'Acerto virtual'!$E:$E,'Acerto virtual'!J:J),"")} | Y48: {=IFERROR(_xlfn.XLOOKUP($F48,'Acerto virtual'!$E:$E,'Acerto virtual'!K:K),"")} | Z48: {=IFERROR(_xlfn.XLOOKUP($F48,'Acerto virtual'!$E:$E,'Acerto virtual'!L:L),"")} | AA48: {=IFERROR(_xlfn.XLOOKUP($F48,'Acerto virtual'!$E:$E,'Acerto virtual'!M:M),"")} | AB48: {=IFERROR(_xlfn.XLOOKUP($F48,'Acerto virtual'!$E:$E,'Acerto virtual'!N:N),"")} | AC48: {=IFERROR(_xlfn.XLOOKUP($F48,'Acerto virtual'!$E:$E,'Acerto virtual'!O:O),"")} | AD48: {=IFERROR(_xlfn.XLOOKUP($F48,'Acerto virtual'!$E:$E,'Acerto virtual'!P:P),"")} | AE48: {=IFERROR(_xlfn.XLOOKUP($F48,'Acerto virtual'!$E:$E,'Acerto virtual'!Q:Q),"")} | AF48: {=IFERROR(_xlfn.XLOOKUP($F48,'Acerto virtual'!$E:$E,'Acerto virtual'!R:R),"")} | AG48: {=IFERROR(_xlfn.XLOOKUP($F48,'Acerto virtual'!$E:$E,'Acerto virtual'!S:S),"")} | AH48: {=IFERROR(_xlfn.XLOOKUP($F48,'Acerto virtual'!$E:$E,'Acerto virtual'!T:T),"")} | AI48: {=IFERROR(_xlfn.XLOOKUP($F48,'Acerto virtual'!$E:$E,'Acerto virtual'!U:U),"")}
A49: 45 | B49: 3040252161 | C49: {=IFERROR(_xlfn.XLOOKUP($B49,'Histórico'!$B:$B,'Histórico'!$I:$I),"")} -> 065-0042-03 | D49: {=IFERROR(_xlfn.XLOOKUP($B49,'Histórico'!$B:$B,'Histórico'!$J:$J),"")} -> 22373 | E49: {=IFERROR(_xlfn.XLOOKUP($B49,'Histórico'!$B:$B,'Histórico'!$K:$K),"")} -> COMPUTER PA | F49: {=IFERROR(_xlfn.XLOOKUP($B49,'Histórico'!$B:$B,'Histórico'!$L:$L),"")} -> R50653 | G49: {=IFERROR(_xlfn.XLOOKUP($B49,'Histórico'!$B:$B,'Histórico'!$F:$F),"")} -> 22/04/2025 | H49: {=IFERROR(_xlfn.XLOOKUP($B49,'Histórico'!$B:$B,'Histórico'!$AA:$AA),"")} -> ALA 10 | I49: {=IFERROR(_xlfn.XLOOKUP($B49,Atual!$B:$B,Atual!$E:$E),"OS concluída")} -> REC | J49: =IF(G49="","",IF(I49="OS concluída","",$D$1-G49)) -> 541 | L49: =IF(N49="","",IFERROR(N49-G49,"NÃO APLICÁVEL")) -> NÃO APLICÁVEL | N49: {=IFERROR(_xlfn.XLOOKUP($B49,EMPRESA_1!A:A,EMPRESA_1!J:J),"")} -> EM REPARO | O49: {=IFERROR(_xlfn.XLOOKUP(B49,EMPRESA_1!A:A,EMPRESA_1!K:K),"")} -> WILLIAM | P49: {=IFERROR(_xlfn.XLOOKUP(B49,EMPRESA_1!A:A,EMPRESA_1!L:L),"")} | Q49: {=IFERROR(_xlfn.XLOOKUP(B49,EMPRESA_1!A:A,EMPRESA_1!J:J),"")} -> EM REPARO | R49: {=IFERROR(_xlfn.XLOOKUP(B49,EMPRESA_1!A:A,EMPRESA_1!M:M),"")} | T49: {=IFERROR(_xlfn.XLOOKUP($F49,'Acerto virtual'!$E:$E,'Acerto virtual'!F:F),"")} -> 026/2026 | U49: {=IFERROR(_xlfn.XLOOKUP($F49,'Acerto virtual'!$E:$E,'Acerto virtual'!G:G),"")} -> 06/10 | V49: {=IFERROR(_xlfn.XLOOKUP($F49,'Acerto virtual'!$E:$E,'Acerto virtual'!H:H),"")} -> 06/10 | W49: {=IFERROR(_xlfn.XLOOKUP($F49,'Acerto virtual'!$E:$E,'Acerto virtual'!I:I),"")} | X49: {=IFERROR(_xlfn.XLOOKUP($F49,'Acerto virtual'!$E:$E,'Acerto virtual'!J:J),"")} -> 06/10 | Y49: {=IFERROR(_xlfn.XLOOKUP($F49,'Acerto virtual'!$E:$E,'Acerto virtual'!K:K),"")} -> 07/10 | Z49: {=IFERROR(_xlfn.XLOOKUP($F49,'Acerto virtual'!$E:$E,'Acerto virtual'!L:L),"")} -> 07/10 | AA49: {=IFERROR(_xlfn.XLOOKUP($F49,'Acerto virtual'!$E:$E,'Acerto virtual'!M:M),"")} -> 07/10 | AB49: {=IFERROR(_xlfn.XLOOKUP($F49,'Acerto virtual'!$E:$E,'Acerto virtual'!N:N),"")} -> 07/10 | AC49: {=IFERROR(_xlfn.XLOOKUP($F49,'Acerto virtual'!$E:$E,'Acerto virtual'!O:O),"")} -> 07/10 | AD49: {=IFERROR(_xlfn.XLOOKUP($F49,'Acerto virtual'!$E:$E,'Acerto virtual'!P:P),"")} -> 08/10 | AE49: {=IFERROR(_xlfn.XLOOKUP($F49,'Acerto virtual'!$E:$E,'Acerto virtual'!Q:Q),"")} -> 08/10 | AF49: {=IFERROR(_xlfn.XLOOKUP($F49,'Acerto virtual'!$E:$E,'Acerto virtual'!R:R),"")} -> 08/10 | AG49: {=IFERROR(_xlfn.XLOOKUP($F49,'Acerto virtual'!$E:$E,'Acerto virtual'!S:S),"")} -> 08/10 | AH49: {=IFERROR(_xlfn.XLOOKUP($F49,'Acerto virtual'!$E:$E,'Acerto virtual'!T:T),"")} | AI49: {=IFERROR(_xlfn.XLOOKUP($F49,'Acerto virtual'!$E:$E,'Acerto virtual'!U:U),"")}
A50: 46 | B50: 3040252162 | C50: {=IFERROR(_xlfn.XLOOKUP($B50,'Histórico'!$B:$B,'Histórico'!$I:$I),"")} -> 065-0042-03 | D50: {=IFERROR(_xlfn.XLOOKUP($B50,'Histórico'!$B:$B,'Histórico'!$J:$J),"")} -> 22373 | E50: {=IFERROR(_xlfn.XLOOKUP($B50,'Histórico'!$B:$B,'Histórico'!$K:$K),"")} -> COMPUTER PA | F50: {=IFERROR(_xlfn.XLOOKUP($B50,'Histórico'!$B:$B,'Histórico'!$L:$L),"")} -> 53450 | G50: {=IFERROR(_xlfn.XLOOKUP($B50,'Histórico'!$B:$B,'Histórico'!$F:$F),"")} -> 22/04/2025 | H50: {=IFERROR(_xlfn.XLOOKUP($B50,'Histórico'!$B:$B,'Histórico'!$AA:$AA),"")} -> EEAR | I50: {=IFERROR(_xlfn.XLOOKUP($B50,Atual!$B:$B,Atual!$E:$E),"OS concluída")} -> REC | J50: =IF(G50="","",IF(I50="OS concluída","",$D$1-G50)) -> 541 | L50: =IF(N50="","",IFERROR(N50-G50,"NÃO APLICÁVEL")) -> 344 | N50: {=IFERROR(_xlfn.XLOOKUP($B50,EMPRESA_1!A:A,EMPRESA_1!J:J),"")} -> 46113 | O50: {=IFERROR(_xlfn.XLOOKUP(B50,EMPRESA_1!A:A,EMPRESA_1!K:K),"")} -> BABE | P50: {=IFERROR(_xlfn.XLOOKUP(B50,EMPRESA_1!A:A,EMPRESA_1!L:L),"")} -> 263/FAB/26 | Q50: {=IFERROR(_xlfn.XLOOKUP(B50,EMPRESA_1!A:A,EMPRESA_1!J:J),"")} -> 46113 | R50: {=IFERROR(_xlfn.XLOOKUP(B50,EMPRESA_1!A:A,EMPRESA_1!M:M),"")} | T50: {=IFERROR(_xlfn.XLOOKUP($F50,'Acerto virtual'!$E:$E,'Acerto virtual'!F:F),"")} -> 010/2026 | U50: {=IFERROR(_xlfn.XLOOKUP($F50,'Acerto virtual'!$E:$E,'Acerto virtual'!G:G),"")} -> 06/04 | V50: {=IFERROR(_xlfn.XLOOKUP($F50,'Acerto virtual'!$E:$E,'Acerto virtual'!H:H),"")} -> 06/04 | W50: {=IFERROR(_xlfn.XLOOKUP($F50,'Acerto virtual'!$E:$E,'Acerto virtual'!I:I),"")} -> 06/04 | X50: {=IFERROR(_xlfn.XLOOKUP($F50,'Acerto virtual'!$E:$E,'Acerto virtual'!J:J),"")} | Y50: {=IFERROR(_xlfn.XLOOKUP($F50,'Acerto virtual'!$E:$E,'Acerto virtual'!K:K),"")} | Z50: {=IFERROR(_xlfn.XLOOKUP($F50,'Acerto virtual'!$E:$E,'Acerto virtual'!L:L),"")} | AA50: {=IFERROR(_xlfn.XLOOKUP($F50,'Acerto virtual'!$E:$E,'Acerto virtual'!M:M),"")} | AB50: {=IFERROR(_xlfn.XLOOKUP($F50,'Acerto virtual'!$E:$E,'Acerto virtual'!N:N),"")} | AC50: {=IFERROR(_xlfn.XLOOKUP($F50,'Acerto virtual'!$E:$E,'Acerto virtual'!O:O),"")} | AD50: {=IFERROR(_xlfn.XLOOKUP($F50,'Acerto virtual'!$E:$E,'Acerto virtual'!P:P),"")} | AE50: {=IFERROR(_xlfn.XLOOKUP($F50,'Acerto virtual'!$E:$E,'Acerto virtual'!Q:Q),"")} | AF50: {=IFERROR(_xlfn.XLOOKUP($F50,'Acerto virtual'!$E:$E,'Acerto virtual'!R:R),"")} | AG50: {=IFERROR(_xlfn.XLOOKUP($F50,'Acerto virtual'!$E:$E,'Acerto virtual'!S:S),"")} | AH50: {=IFERROR(_xlfn.XLOOKUP($F50,'Acerto virtual'!$E:$E,'Acerto virtual'!T:T),"")} | AI50: {=IFERROR(_xlfn.XLOOKUP($F50,'Acerto virtual'!$E:$E,'Acerto virtual'!U:U),"")}
A51: 47 | B51: 3040252164 | C51: {=IFERROR(_xlfn.XLOOKUP($B51,'Histórico'!$B:$B,'Histórico'!$I:$I),"")} -> 065-0042-03 | D51: {=IFERROR(_xlfn.XLOOKUP($B51,'Histórico'!$B:$B,'Histórico'!$J:$J),"")} -> 22373 | E51: {=IFERROR(_xlfn.XLOOKUP($B51,'Histórico'!$B:$B,'Histórico'!$K:$K),"")} -> COMPUTER PA | F51: {=IFERROR(_xlfn.XLOOKUP($B51,'Histórico'!$B:$B,'Histórico'!$L:$L),"")} -> 52537 | G51: {=IFERROR(_xlfn.XLOOKUP($B51,'Histórico'!$B:$B,'Histórico'!$F:$F),"")} -> 22/04/2025 | H51: {=IFERROR(_xlfn.XLOOKUP($B51,'Histórico'!$B:$B,'Histórico'!$AA:$AA),"")} -> EEAR | I51: {=IFERROR(_xlfn.XLOOKUP($B51,Atual!$B:$B,Atual!$E:$E),"OS concluída")} -> REC | J51: =IF(G51="","",IF(I51="OS concluída","",$D$1-G51)) -> 541 | L51: =IF(N51="","",IFERROR(N51-G51,"NÃO APLICÁVEL")) -> NÃO APLICÁVEL | N51: {=IFERROR(_xlfn.XLOOKUP($B51,EMPRESA_1!A:A,EMPRESA_1!J:J),"")} -> EM REPARO | O51: {=IFERROR(_xlfn.XLOOKUP(B51,EMPRESA_1!A:A,EMPRESA_1!K:K),"")} -> WILLIAM | P51: {=IFERROR(_xlfn.XLOOKUP(B51,EMPRESA_1!A:A,EMPRESA_1!L:L),"")} | Q51: {=IFERROR(_xlfn.XLOOKUP(B51,EMPRESA_1!A:A,EMPRESA_1!J:J),"")} -> EM REPARO | R51: {=IFERROR(_xlfn.XLOOKUP(B51,EMPRESA_1!A:A,EMPRESA_1!M:M),"")} | T51: {=IFERROR(_xlfn.XLOOKUP($F51,'Acerto virtual'!$E:$E,'Acerto virtual'!F:F),"")} | U51: {=IFERROR(_xlfn.XLOOKUP($F51,'Acerto virtual'!$E:$E,'Acerto virtual'!G:G),"")} | V51: {=IFERROR(_xlfn.XLOOKUP($F51,'Acerto virtual'!$E:$E,'Acerto virtual'!H:H),"")} | W51: {=IFERROR(_xlfn.XLOOKUP($F51,'Acerto virtual'!$E:$E,'Acerto virtual'!I:I),"")} | X51: {=IFERROR(_xlfn.XLOOKUP($F51,'Acerto virtual'!$E:$E,'Acerto virtual'!J:J),"")} | Y51: {=IFERROR(_xlfn.XLOOKUP($F51,'Acerto virtual'!$E:$E,'Acerto virtual'!K:K),"")} | Z51: {=IFERROR(_xlfn.XLOOKUP($F51,'Acerto virtual'!$E:$E,'Acerto virtual'!L:L),"")} | AA51: {=IFERROR(_xlfn.XLOOKUP($F51,'Acerto virtual'!$E:$E,'Acerto virtual'!M:M),"")} | AB51: {=IFERROR(_xlfn.XLOOKUP($F51,'Acerto virtual'!$E:$E,'Acerto virtual'!N:N),"")} | AC51: {=IFERROR(_xlfn.XLOOKUP($F51,'Acerto virtual'!$E:$E,'Acerto virtual'!O:O),"")} | AD51: {=IFERROR(_xlfn.XLOOKUP($F51,'Acerto virtual'!$E:$E,'Acerto virtual'!P:P),"")} | AE51: {=IFERROR(_xlfn.XLOOKUP($F51,'Acerto virtual'!$E:$E,'Acerto virtual'!Q:Q),"")} | AF51: {=IFERROR(_xlfn.XLOOKUP($F51,'Acerto virtual'!$E:$E,'Acerto virtual'!R:R),"")} | AG51: {=IFERROR(_xlfn.XLOOKUP($F51,'Acerto virtual'!$E:$E,'Acerto virtual'!S:S),"")} | AH51: {=IFERROR(_xlfn.XLOOKUP($F51,'Acerto virtual'!$E:$E,'Acerto virtual'!T:T),"")} | AI51: {=IFERROR(_xlfn.XLOOKUP($F51,'Acerto virtual'!$E:$E,'Acerto virtual'!U:U),"")}
A52: 48 | B52: 3040252165 | C52: {=IFERROR(_xlfn.XLOOKUP($B52,'Histórico'!$B:$B,'Histórico'!$I:$I),"")} -> 065-0042-03 | D52: {=IFERROR(_xlfn.XLOOKUP($B52,'Histórico'!$B:$B,'Histórico'!$J:$J),"")} -> 22373 | E52: {=IFERROR(_xlfn.XLOOKUP($B52,'Histórico'!$B:$B,'Histórico'!$K:$K),"")} -> COMPUTER PA | F52: {=IFERROR(_xlfn.XLOOKUP($B52,'Histórico'!$B:$B,'Histórico'!$L:$L),"")} -> 51767 | G52: {=IFERROR(_xlfn.XLOOKUP($B52,'Histórico'!$B:$B,'Histórico'!$F:$F),"")} -> 22/04/2025 | H52: {=IFERROR(_xlfn.XLOOKUP($B52,'Histórico'!$B:$B,'Histórico'!$AA:$AA),"")} -> PAMALS | I52: {=IFERROR(_xlfn.XLOOKUP($B52,Atual!$B:$B,Atual!$E:$E),"OS concluída")} -> OS concluída | J52: =IF(G52="","",IF(I52="OS concluída","",$D$1-G52)) | L52: =IF(N52="","",IFERROR(N52-G52,"NÃO APLICÁVEL")) | N52: {=IFERROR(_xlfn.XLOOKUP($B52,Empresa!G:G,Empresa!K:K),"")} | P52: {=IFERROR(_xlfn.XLOOKUP($F52,'Vee one'!F:F,'Vee one'!O:O),"")} | Q52: {=IFERROR(_xlfn.XLOOKUP($F52,'Vee one'!F:F,'Vee one'!K:K),"")}
A53: 49 | B53: 3040252166 | C53: {=IFERROR(_xlfn.XLOOKUP($B53,'Histórico'!$B:$B,'Histórico'!$I:$I),"")} -> 065-0059-01 | D53: {=IFERROR(_xlfn.XLOOKUP($B53,'Histórico'!$B:$B,'Histórico'!$J:$J),"")} -> 22373 | E53: {=IFERROR(_xlfn.XLOOKUP($B53,'Histórico'!$B:$B,'Histórico'!$K:$K),"")} -> SERVO PITCH | F53: {=IFERROR(_xlfn.XLOOKUP($B53,'Histórico'!$B:$B,'Histórico'!$L:$L),"")} -> 28411 | G53: {=IFERROR(_xlfn.XLOOKUP($B53,'Histórico'!$B:$B,'Histórico'!$F:$F),"")} -> 22/04/2025 | H53: {=IFERROR(_xlfn.XLOOKUP($B53,'Histórico'!$B:$B,'Histórico'!$AA:$AA),"")} -> EEAR | I53: {=IFERROR(_xlfn.XLOOKUP($B53,Atual!$B:$B,Atual!$E:$E),"OS concluída")} -> REC | J53: =IF(G53="","",IF(I53="OS concluída","",$D$1-G53)) -> 541 | L53: =IF(N53="","",IFERROR(N53-G53,"NÃO APLICÁVEL")) -> NÃO APLICÁVEL | N53: {=IFERROR(_xlfn.XLOOKUP($B53,EMPRESA_1!A:A,EMPRESA_1!J:J),"")} -> EM REPARO | O53: {=IFERROR(_xlfn.XLOOKUP(B53,EMPRESA_1!A:A,EMPRESA_1!K:K),"")} -> WILLIAM | P53: {=IFERROR(_xlfn.XLOOKUP(B53,EMPRESA_1!A:A,EMPRESA_1!L:L),"")} | Q53: {=IFERROR(_xlfn.XLOOKUP(B53,EMPRESA_1!A:A,EMPRESA_1!J:J),"")} -> EM REPARO | R53: {=IFERROR(_xlfn.XLOOKUP(B53,EMPRESA_1!A:A,EMPRESA_1!M:M),"")} | T53: {=IFERROR(_xlfn.XLOOKUP($F53,'Acerto virtual'!$E:$E,'Acerto virtual'!F:F),"")} | U53: {=IFERROR(_xlfn.XLOOKUP($F53,'Acerto virtual'!$E:$E,'Acerto virtual'!G:G),"")} | V53: {=IFERROR(_xlfn.XLOOKUP($F53,'Acerto virtual'!$E:$E,'Acerto virtual'!H:H),"")} | W53: {=IFERROR(_xlfn.XLOOKUP($F53,'Acerto virtual'!$E:$E,'Acerto virtual'!I:I),"")} | X53: {=IFERROR(_xlfn.XLOOKUP($F53,'Acerto virtual'!$E:$E,'Acerto virtual'!J:J),"")} | Y53: {=IFERROR(_xlfn.XLOOKUP($F53,'Acerto virtual'!$E:$E,'Acerto virtual'!K:K),"")} | Z53: {=IFERROR(_xlfn.XLOOKUP($F53,'Acerto virtual'!$E:$E,'Acerto virtual'!L:L),"")} | AA53: {=IFERROR(_xlfn.XLOOKUP($F53,'Acerto virtual'!$E:$E,'Acerto virtual'!M:M),"")} | AB53: {=IFERROR(_xlfn.XLOOKUP($F53,'Acerto virtual'!$E:$E,'Acerto virtual'!N:N),"")} | AC53: {=IFERROR(_xlfn.XLOOKUP($F53,'Acerto virtual'!$E:$E,'Acerto virtual'!O:O),"")} | AD53: {=IFERROR(_xlfn.XLOOKUP($F53,'Acerto virtual'!$E:$E,'Acerto virtual'!P:P),"")} | AE53: {=IFERROR(_xlfn.XLOOKUP($F53,'Acerto virtual'!$E:$E,'Acerto virtual'!Q:Q),"")} | AF53: {=IFERROR(_xlfn.XLOOKUP($F53,'Acerto virtual'!$E:$E,'Acerto virtual'!R:R),"")} | AG53: {=IFERROR(_xlfn.XLOOKUP($F53,'Acerto virtual'!$E:$E,'Acerto virtual'!S:S),"")} | AH53: {=IFERROR(_xlfn.XLOOKUP($F53,'Acerto virtual'!$E:$E,'Acerto virtual'!T:T),"")} | AI53: {=IFERROR(_xlfn.XLOOKUP($F53,'Acerto virtual'!$E:$E,'Acerto virtual'!U:U),"")}
A54: 50 | B54: 3040252168 | C54: {=IFERROR(_xlfn.XLOOKUP($B54,'Histórico'!$B:$B,'Histórico'!$I:$I),"")} -> 066-03064-0005 | D54: {=IFERROR(_xlfn.XLOOKUP($B54,'Histórico'!$B:$B,'Histórico'!$J:$J),"")} -> 22373 | E54: {=IFERROR(_xlfn.XLOOKUP($B54,'Histórico'!$B:$B,'Histórico'!$K:$K),"")} -> ALTIMETER,SERVO CONTROLLED,AUTOMATIC PRESSURE | F54: {=IFERROR(_xlfn.XLOOKUP($B54,'Histórico'!$B:$B,'Histórico'!$L:$L),"")} -> 36025 | G54: {=IFERROR(_xlfn.XLOOKUP($B54,'Histórico'!$B:$B,'Histórico'!$F:$F),"")} -> 22/04/2025 | H54: {=IFERROR(_xlfn.XLOOKUP($B54,'Histórico'!$B:$B,'Histórico'!$AA:$AA),"")} -> ALA 9 | I54: {=IFERROR(_xlfn.XLOOKUP($B54,Atual!$B:$B,Atual!$E:$E),"OS concluída")} -> OS concluída | J54: =IF(G54="","",IF(I54="OS concluída","",$D$1-G54)) | L54: =IF(N54="","",IFERROR(N54-G54,"NÃO APLICÁVEL")) | N54: {=IFERROR(_xlfn.XLOOKUP($B54,Empresa!G:G,Empresa!K:K),"")} | P54: {=IFERROR(_xlfn.XLOOKUP($F54,'Vee one'!F:F,'Vee one'!O:O),"")} | Q54: {=IFERROR(_xlfn.XLOOKUP($F54,'Vee one'!F:F,'Vee one'!K:K),"")}
A55: 51 | B55: 3040252173 | C55: {=IFERROR(_xlfn.XLOOKUP($B55,'Histórico'!$B:$B,'Histórico'!$I:$I),"")} -> 066-03064-0005 | D55: {=IFERROR(_xlfn.XLOOKUP($B55,'Histórico'!$B:$B,'Histórico'!$J:$J),"")} -> 22373 | E55: {=IFERROR(_xlfn.XLOOKUP($B55,'Histórico'!$B:$B,'Histórico'!$K:$K),"")} -> ALTIMETER,SERVO CONTROLLED,AUTOMATIC PRESSURE | F55: {=IFERROR(_xlfn.XLOOKUP($B55,'Histórico'!$B:$B,'Histórico'!$L:$L),"")} -> 34257 | G55: {=IFERROR(_xlfn.XLOOKUP($B55,'Histórico'!$B:$B,'Histórico'!$F:$F),"")} -> 22/04/2025 | H55: {=IFERROR(_xlfn.XLOOKUP($B55,'Histórico'!$B:$B,'Histórico'!$AA:$AA),"")} -> BANT | I55: {=IFERROR(_xlfn.XLOOKUP($B55,Atual!$B:$B,Atual!$E:$E),"OS concluída")} -> REC | J55: =IF(G55="","",IF(I55="OS concluída","",$D$1-G55)) -> 541 | L55: =IF(N55="","",IFERROR(N55-G55,"NÃO APLICÁVEL")) -> NÃO APLICÁVEL | N55: {=IFERROR(_xlfn.XLOOKUP($B55,EMPRESA_1!A:A,EMPRESA_1!J:J),"")} -> EM REPARO | O55: {=IFERROR(_xlfn.XLOOKUP(B55,EMPRESA_1!A:A,EMPRESA_1!K:K),"")} -> LEAP | P55: {=IFERROR(_xlfn.XLOOKUP(B55,EMPRESA_1!A:A,EMPRESA_1!L:L),"")} | Q55: {=IFERROR(_xlfn.XLOOKUP(B55,EMPRESA_1!A:A,EMPRESA_1!J:J),"")} -> EM REPARO | R55: {=IFERROR(_xlfn.XLOOKUP(B55,EMPRESA_1!A:A,EMPRESA_1!M:M),"")} | T55: {=IFERROR(_xlfn.XLOOKUP($F55,'Acerto virtual'!$E:$E,'Acerto virtual'!F:F),"")} | U55: {=IFERROR(_xlfn.XLOOKUP($F55,'Acerto virtual'!$E:$E,'Acerto virtual'!G:G),"")} | V55: {=IFERROR(_xlfn.XLOOKUP($F55,'Acerto virtual'!$E:$E,'Acerto virtual'!H:H),"")} | W55: {=IFERROR(_xlfn.XLOOKUP($F55,'Acerto virtual'!$E:$E,'Acerto virtual'!I:I),"")} | X55: {=IFERROR(_xlfn.XLOOKUP($F55,'Acerto virtual'!$E:$E,'Acerto virtual'!J:J),"")} | Y55: {=IFERROR(_xlfn.XLOOKUP($F55,'Acerto virtual'!$E:$E,'Acerto virtual'!K:K),"")} | Z55: {=IFERROR(_xlfn.XLOOKUP($F55,'Acerto virtual'!$E:$E,'Acerto virtual'!L:L),"")} | AA55: {=IFERROR(_xlfn.XLOOKUP($F55,'Acerto virtual'!$E:$E,'Acerto virtual'!M:M),"")} | AB55: {=IFERROR(_xlfn.XLOOKUP($F55,'Acerto virtual'!$E:$E,'Acerto virtual'!N:N),"")} | AC55: {=IFERROR(_xlfn.XLOOKUP($F55,'Acerto virtual'!$E:$E,'Acerto virtual'!O:O),"")} | AD55: {=IFERROR(_xlfn.XLOOKUP($F55,'Acerto virtual'!$E:$E,'Acerto virtual'!P:P),"")} | AE55: {=IFERROR(_xlfn.XLOOKUP($F55,'Acerto virtual'!$E:$E,'Acerto virtual'!Q:Q),"")} | AF55: {=IFERROR(_xlfn.XLOOKUP($F55,'Acerto virtual'!$E:$E,'Acerto virtual'!R:R),"")} | AG55: {=IFERROR(_xlfn.XLOOKUP($F55,'Acerto virtual'!$E:$E,'Acerto virtual'!S:S),"")} | AH55: {=IFERROR(_xlfn.XLOOKUP($F55,'Acerto virtual'!$E:$E,'Acerto virtual'!T:T),"")} | AI55: {=IFERROR(_xlfn.XLOOKUP($F55,'Acerto virtual'!$E:$E,'Acerto virtual'!U:U),"")}
A56: 52 | B56: 3040252172 | C56: {=IFERROR(_xlfn.XLOOKUP($B56,'Histórico'!$B:$B,'Histórico'!$I:$I),"")} -> 066-03064-0005 | D56: {=IFERROR(_xlfn.XLOOKUP($B56,'Histórico'!$B:$B,'Histórico'!$J:$J),"")} -> 22373 | E56: {=IFERROR(_xlfn.XLOOKUP($B56,'Histórico'!$B:$B,'Histórico'!$K:$K),"")} -> ALTIMETER,SERVO CONTROLLED,AUTOMATIC PRESSURE | F56: {=IFERROR(_xlfn.XLOOKUP($B56,'Histórico'!$B:$B,'Histórico'!$L:$L),"")} -> 30865 | G56: {=IFERROR(_xlfn.XLOOKUP($B56,'Histórico'!$B:$B,'Histórico'!$F:$F),"")} -> 22/04/2025 | H56: {=IFERROR(_xlfn.XLOOKUP($B56,'Histórico'!$B:$B,'Histórico'!$AA:$AA),"")} -> PAMALS | I56: {=IFERROR(_xlfn.XLOOKUP($B56,Atual!$B:$B,Atual!$E:$E),"OS concluída")} -> REC | J56: =IF(G56="","",IF(I56="OS concluída","",$D$1-G56)) -> 541 | L56: =IF(N56="","",IFERROR(N56-G56,"NÃO APLICÁVEL")) -> NÃO APLICÁVEL | N56: {=IFERROR(_xlfn.XLOOKUP($B56,EMPRESA_1!A:A,EMPRESA_1!J:J),"")} -> NO ESTADO | O56: {=IFERROR(_xlfn.XLOOKUP(B56,EMPRESA_1!A:A,EMPRESA_1!K:K),"")} -> VEE ONE | P56: {=IFERROR(_xlfn.XLOOKUP(B56,EMPRESA_1!A:A,EMPRESA_1!L:L),"")} | Q56: {=IFERROR(_xlfn.XLOOKUP(B56,EMPRESA_1!A:A,EMPRESA_1!J:J),"")} -> NO ESTADO | R56: {=IFERROR(_xlfn.XLOOKUP(B56,EMPRESA_1!A:A,EMPRESA_1!M:M),"")} | T56: {=IFERROR(_xlfn.XLOOKUP($F56,'Acerto virtual'!$E:$E,'Acerto virtual'!F:F),"")} | U56: {=IFERROR(_xlfn.XLOOKUP($F56,'Acerto virtual'!$E:$E,'Acerto virtual'!G:G),"")} | V56: {=IFERROR(_xlfn.XLOOKUP($F56,'Acerto virtual'!$E:$E,'Acerto virtual'!H:H),"")} | W56: {=IFERROR(_xlfn.XLOOKUP($F56,'Acerto virtual'!$E:$E,'Acerto virtual'!I:I),"")} | X56: {=IFERROR(_xlfn.XLOOKUP($F56,'Acerto virtual'!$E:$E,'Acerto virtual'!J:J),"")} | Y56: {=IFERROR(_xlfn.XLOOKUP($F56,'Acerto virtual'!$E:$E,'Acerto virtual'!K:K),"")} | Z56: {=IFERROR(_xlfn.XLOOKUP($F56,'Acerto virtual'!$E:$E,'Acerto virtual'!L:L),"")} | AA56: {=IFERROR(_xlfn.XLOOKUP($F56,'Acerto virtual'!$E:$E,'Acerto virtual'!M:M),"")} | AB56: {=IFERROR(_xlfn.XLOOKUP($F56,'Acerto virtual'!$E:$E,'Acerto virtual'!N:N),"")} | AC56: {=IFERROR(_xlfn.XLOOKUP($F56,'Acerto virtual'!$E:$E,'Acerto virtual'!O:O),"")} | AD56: {=IFERROR(_xlfn.XLOOKUP($F56,'Acerto virtual'!$E:$E,'Acerto virtual'!P:P),"")} | AE56: {=IFERROR(_xlfn.XLOOKUP($F56,'Acerto virtual'!$E:$E,'Acerto virtual'!Q:Q),"")} | AF56: {=IFERROR(_xlfn.XLOOKUP($F56,'Acerto virtual'!$E:$E,'Acerto virtual'!R:R),"")} | AG56: {=IFERROR(_xlfn.XLOOKUP($F56,'Acerto virtual'!$E:$E,'Acerto virtual'!S:S),"")} | AH56: {=IFERROR(_xlfn.XLOOKUP($F56,'Acerto virtual'!$E:$E,'Acerto virtual'!T:T),"")} | AI56: {=IFERROR(_xlfn.XLOOKUP($F56,'Acerto virtual'!$E:$E,'Acerto virtual'!U:U),"")}
A57: 53 | B57: 3040252170 | C57: {=IFERROR(_xlfn.XLOOKUP($B57,'Histórico'!$B:$B,'Histórico'!$I:$I),"")} -> 066-03064-0005 | D57: {=IFERROR(_xlfn.XLOOKUP($B57,'Histórico'!$B:$B,'Histórico'!$J:$J),"")} -> 22373 | E57: {=IFERROR(_xlfn.XLOOKUP($B57,'Histórico'!$B:$B,'Histórico'!$K:$K),"")} -> ALTIMETER,SERVO CONTROLLED,AUTOMATIC PRESSURE | F57: {=IFERROR(_xlfn.XLOOKUP($B57,'Histórico'!$B:$B,'Histórico'!$L:$L),"")} -> 4355 | G57: {=IFERROR(_xlfn.XLOOKUP($B57,'Histórico'!$B:$B,'Histórico'!$F:$F),"")} -> 22/04/2025 | H57: {=IFERROR(_xlfn.XLOOKUP($B57,'Histórico'!$B:$B,'Histórico'!$AA:$AA),"")} -> ALA 7 | I57: {=IFERROR(_xlfn.XLOOKUP($B57,Atual!$B:$B,Atual!$E:$E),"OS concluída")} -> REC | J57: =IF(G57="","",IF(I57="OS concluída","",$D$1-G57)) -> 541 | L57: =IF(N57="","",IFERROR(N57-G57,"NÃO APLICÁVEL")) -> NÃO APLICÁVEL | N57: {=IFERROR(_xlfn.XLOOKUP($B57,EMPRESA_1!A:A,EMPRESA_1!J:J),"")} -> NO ESTADO | O57: {=IFERROR(_xlfn.XLOOKUP(B57,EMPRESA_1!A:A,EMPRESA_1!K:K),"")} -> VEE ONE | P57: {=IFERROR(_xlfn.XLOOKUP(B57,EMPRESA_1!A:A,EMPRESA_1!L:L),"")} | Q57: {=IFERROR(_xlfn.XLOOKUP(B57,EMPRESA_1!A:A,EMPRESA_1!J:J),"")} -> NO ESTADO | R57: {=IFERROR(_xlfn.XLOOKUP(B57,EMPRESA_1!A:A,EMPRESA_1!M:M),"")} | T57: {=IFERROR(_xlfn.XLOOKUP($F57,'Acerto virtual'!$E:$E,'Acerto virtual'!F:F),"")} | U57: {=IFERROR(_xlfn.XLOOKUP($F57,'Acerto virtual'!$E:$E,'Acerto virtual'!G:G),"")} | V57: {=IFERROR(_xlfn.XLOOKUP($F57,'Acerto virtual'!$E:$E,'Acerto virtual'!H:H),"")} | W57: {=IFERROR(_xlfn.XLOOKUP($F57,'Acerto virtual'!$E:$E,'Acerto virtual'!I:I),"")} | X57: {=IFERROR(_xlfn.XLOOKUP($F57,'Acerto virtual'!$E:$E,'Acerto virtual'!J:J),"")} | Y57: {=IFERROR(_xlfn.XLOOKUP($F57,'Acerto virtual'!$E:$E,'Acerto virtual'!K:K),"")} | Z57: {=IFERROR(_xlfn.XLOOKUP($F57,'Acerto virtual'!$E:$E,'Acerto virtual'!L:L),"")} | AA57: {=IFERROR(_xlfn.XLOOKUP($F57,'Acerto virtual'!$E:$E,'Acerto virtual'!M:M),"")} | AB57: {=IFERROR(_xlfn.XLOOKUP($F57,'Acerto virtual'!$E:$E,'Acerto virtual'!N:N),"")} | AC57: {=IFERROR(_xlfn.XLOOKUP($F57,'Acerto virtual'!$E:$E,'Acerto virtual'!O:O),"")} | AD57: {=IFERROR(_xlfn.XLOOKUP($F57,'Acerto virtual'!$E:$E,'Acerto virtual'!P:P),"")} | AE57: {=IFERROR(_xlfn.XLOOKUP($F57,'Acerto virtual'!$E:$E,'Acerto virtual'!Q:Q),"")} | AF57: {=IFERROR(_xlfn.XLOOKUP($F57,'Acerto virtual'!$E:$E,'Acerto virtual'!R:R),"")} | AG57: {=IFERROR(_xlfn.XLOOKUP($F57,'Acerto virtual'!$E:$E,'Acerto virtual'!S:S),"")} | AH57: {=IFERROR(_xlfn.XLOOKUP($F57,'Acerto virtual'!$E:$E,'Acerto virtual'!T:T),"")} | AI57: {=IFERROR(_xlfn.XLOOKUP($F57,'Acerto virtual'!$E:$E,'Acerto virtual'!U:U),"")}
A58: 54 | B58: 3040252178 | C58: {=IFERROR(_xlfn.XLOOKUP($B58,'Histórico'!$B:$B,'Histórico'!$I:$I),"")} -> 066-1072-00 | D58: {=IFERROR(_xlfn.XLOOKUP($B58,'Histórico'!$B:$B,'Histórico'!$J:$J),"")} -> 22373 | E58: {=IFERROR(_xlfn.XLOOKUP($B58,'Histórico'!$B:$B,'Histórico'!$K:$K),"")} -> RECEIVER ADF (KING KR87) | F58: {=IFERROR(_xlfn.XLOOKUP($B58,'Histórico'!$B:$B,'Histórico'!$L:$L),"")} -> 38197 | G58: {=IFERROR(_xlfn.XLOOKUP($B58,'Histórico'!$B:$B,'Histórico'!$F:$F),"")} -> 22/04/2025 | H58: {=IFERROR(_xlfn.XLOOKUP($B58,'Histórico'!$B:$B,'Histórico'!$AA:$AA),"")} -> PAMALS | I58: {=IFERROR(_xlfn.XLOOKUP($B58,Atual!$B:$B,Atual!$E:$E),"OS concluída")} -> OS concluída | J58: =IF(G58="","",IF(I58="OS concluída","",$D$1-G58)) | L58: =IF(N58="","",IFERROR(N58-G58,"NÃO APLICÁVEL")) | N58: =IFERROR(_xlfn.XLOOKUP($B58,Empresa!G:G,Empresa!K:K),"") | P58: =IFERROR(_xlfn.XLOOKUP($F58,'Vee one'!F:F,'Vee one'!O:O),"") | Q58: =IFERROR(_xlfn.XLOOKUP($F58,'Vee one'!F:F,'Vee one'!K:K),"")
A59: 55 | B59: 3040252182 | C59: {=IFERROR(_xlfn.XLOOKUP($B59,'Histórico'!$B:$B,'Histórico'!$I:$I),"")} -> 066-1072-04 | D59: {=IFERROR(_xlfn.XLOOKUP($B59,'Histórico'!$B:$B,'Histórico'!$J:$J),"")} -> 22373 | E59: {=IFERROR(_xlfn.XLOOKUP($B59,'Histórico'!$B:$B,'Histórico'!$K:$K),"")} -> RECEIVER,RADIO | F59: {=IFERROR(_xlfn.XLOOKUP($B59,'Histórico'!$B:$B,'Histórico'!$L:$L),"")} -> 85131 | G59: {=IFERROR(_xlfn.XLOOKUP($B59,'Histórico'!$B:$B,'Histórico'!$F:$F),"")} -> 22/04/2025 | H59: {=IFERROR(_xlfn.XLOOKUP($B59,'Histórico'!$B:$B,'Histórico'!$AA:$AA),"")} -> ALA 9 | I59: {=IFERROR(_xlfn.XLOOKUP($B59,Atual!$B:$B,Atual!$E:$E),"OS concluída")} -> OS concluída | J59: =IF(G59="","",IF(I59="OS concluída","",$D$1-G59)) | L59: =IF(N59="","",IFERROR(N59-G59,"NÃO APLICÁVEL")) | N59: =IFERROR(_xlfn.XLOOKUP($B59,Empresa!G:G,Empresa!K:K),"") | P59: =IFERROR(_xlfn.XLOOKUP($F59,'Vee one'!F:F,'Vee one'!O:O),"") | Q59: =IFERROR(_xlfn.XLOOKUP($F59,'Vee one'!F:F,'Vee one'!K:K),"")
A60: 56 | B60: 3040252181 | C60: {=IFERROR(_xlfn.XLOOKUP($B60,'Histórico'!$B:$B,'Histórico'!$I:$I),"")} -> 066-1072-04 | D60: {=IFERROR(_xlfn.XLOOKUP($B60,'Histórico'!$B:$B,'Histórico'!$J:$J),"")} -> 22373 | E60: {=IFERROR(_xlfn.XLOOKUP($B60,'Histórico'!$B:$B,'Histórico'!$K:$K),"")} -> RECEIVER,RADIO | F60: {=IFERROR(_xlfn.XLOOKUP($B60,'Histórico'!$B:$B,'Histórico'!$L:$L),"")} -> 86012 | G60: {=IFERROR(_xlfn.XLOOKUP($B60,'Histórico'!$B:$B,'Histórico'!$F:$F),"")} -> 22/04/2025 | H60: {=IFERROR(_xlfn.XLOOKUP($B60,'Histórico'!$B:$B,'Histórico'!$AA:$AA),"")} -> PAMASP | I60: {=IFERROR(_xlfn.XLOOKUP($B60,Atual!$B:$B,Atual!$E:$E),"OS concluída")} -> OS concluída | J60: =IF(G60="","",IF(I60="OS concluída","",$D$1-G60)) | K60: Devolvido recibo 407 , porém ainda em OS, GMM FRIA | L60: =IF(N60="","",IFERROR(N60-G60,"NÃO APLICÁVEL")) -> NÃO APLICÁVEL | N60: {=IFERROR(_xlfn.XLOOKUP($B60,EMPRESA_1!A:A,EMPRESA_1!J:J),"")} -> EM REPARO | O60: {=IFERROR(_xlfn.XLOOKUP(B60,EMPRESA_1!A:A,EMPRESA_1!K:K),"")} -> WILLIAM | P60: {=IFERROR(_xlfn.XLOOKUP(B60,EMPRESA_1!A:A,EMPRESA_1!L:L),"")} | Q60: {=IFERROR(_xlfn.XLOOKUP(B60,EMPRESA_1!A:A,EMPRESA_1!J:J),"")} -> EM REPARO | R60: {=IFERROR(_xlfn.XLOOKUP(B60,EMPRESA_1!A:A,EMPRESA_1!M:M),"")} | T60: {=IFERROR(_xlfn.XLOOKUP($F60,'Acerto virtual'!$E:$E,'Acerto virtual'!F:F),"")} | U60: {=IFERROR(_xlfn.XLOOKUP($F60,'Acerto virtual'!$E:$E,'Acerto virtual'!G:G),"")} | V60: {=IFERROR(_xlfn.XLOOKUP($F60,'Acerto virtual'!$E:$E,'Acerto virtual'!H:H),"")} | W60: {=IFERROR(_xlfn.XLOOKUP($F60,'Acerto virtual'!$E:$E,'Acerto virtual'!I:I),"")} | X60: {=IFERROR(_xlfn.XLOOKUP($F60,'Acerto virtual'!$E:$E,'Acerto virtual'!J:J),"")} | Y60: {=IFERROR(_xlfn.XLOOKUP($F60,'Acerto virtual'!$E:$E,'Acerto virtual'!K:K),"")} | Z60: {=IFERROR(_xlfn.XLOOKUP($F60,'Acerto virtual'!$E:$E,'Acerto virtual'!L:L),"")} | AA60: {=IFERROR(_xlfn.XLOOKUP($F60,'Acerto virtual'!$E:$E,'Acerto virtual'!M:M),"")} | AB60: {=IFERROR(_xlfn.XLOOKUP($F60,'Acerto virtual'!$E:$E,'Acerto virtual'!N:N),"")} | AC60: {=IFERROR(_xlfn.XLOOKUP($F60,'Acerto virtual'!$E:$E,'Acerto virtual'!O:O),"")} | AD60: {=IFERROR(_xlfn.XLOOKUP($F60,'Acerto virtual'!$E:$E,'Acerto virtual'!P:P),"")} | AE60: {=IFERROR(_xlfn.XLOOKUP($F60,'Acerto virtual'!$E:$E,'Acerto virtual'!Q:Q),"")} | AF60: {=IFERROR(_xlfn.XLOOKUP($F60,'Acerto virtual'!$E:$E,'Acerto virtual'!R:R),"")} | AG60: {=IFERROR(_xlfn.XLOOKUP($F60,'Acerto virtual'!$E:$E,'Acerto virtual'!S:S),"")} | AH60: {=IFERROR(_xlfn.XLOOKUP($F60,'Acerto virtual'!$E:$E,'Acerto virtual'!T:T),"")} | AI60: {=IFERROR(_xlfn.XLOOKUP($F60,'Acerto virtual'!$E:$E,'Acerto virtual'!U:U),"")}
A61: 57 | B61: 3040252180 | C61: {=IFERROR(_xlfn.XLOOKUP($B61,'Histórico'!$B:$B,'Histórico'!$I:$I),"")} -> 066-1072-04 | D61: {=IFERROR(_xlfn.XLOOKUP($B61,'Histórico'!$B:$B,'Histórico'!$J:$J),"")} -> 22373 | E61: {=IFERROR(_xlfn.XLOOKUP($B61,'Histórico'!$B:$B,'Histórico'!$K:$K),"")} -> RECEIVER,RADIO | F61: {=IFERROR(_xlfn.XLOOKUP($B61,'Histórico'!$B:$B,'Histórico'!$L:$L),"")} -> 85068 | G61: {=IFERROR(_xlfn.XLOOKUP($B61,'Histórico'!$B:$B,'Histórico'!$F:$F),"")} -> 22/04/2025 | H61: {=IFERROR(_xlfn.XLOOKUP($B61,'Histórico'!$B:$B,'Histórico'!$AA:$AA),"")} -> ALA 8 | I61: {=IFERROR(_xlfn.XLOOKUP($B61,Atual!$B:$B,Atual!$E:$E),"OS concluída")} -> OS concluída | J61: =IF(G61="","",IF(I61="OS concluída","",$D$1-G61)) | L61: =IF(N61="","",IFERROR(N61-G61,"NÃO APLICÁVEL")) | N61: =IFERROR(_xlfn.XLOOKUP($B61,Empresa!G:G,Empresa!K:K),"") | P61: =IFERROR(_xlfn.XLOOKUP($F61,'Vee one'!F:F,'Vee one'!O:O),"") | Q61: =IFERROR(_xlfn.XLOOKUP($F61,'Vee one'!F:F,'Vee one'!K:K),"")
A62: 58 | B62: 3040252185 | C62: {=IFERROR(_xlfn.XLOOKUP($B62,'Histórico'!$B:$B,'Histórico'!$I:$I),"")} -> 066-1072-04 | D62: {=IFERROR(_xlfn.XLOOKUP($B62,'Histórico'!$B:$B,'Histórico'!$J:$J),"")} -> 22373 | E62: {=IFERROR(_xlfn.XLOOKUP($B62,'Histórico'!$B:$B,'Histórico'!$K:$K),"")} -> RECEIVER,RADIO | F62: {=IFERROR(_xlfn.XLOOKUP($B62,'Histórico'!$B:$B,'Histórico'!$L:$L),"")} -> 84459 | G62: {=IFERROR(_xlfn.XLOOKUP($B62,'Histórico'!$B:$B,'Histórico'!$F:$F),"")} -> 22/04/2025 | H62: {=IFERROR(_xlfn.XLOOKUP($B62,'Histórico'!$B:$B,'Histórico'!$AA:$AA),"")} -> BAMN | I62: {=IFERROR(_xlfn.XLOOKUP($B62,Atual!$B:$B,Atual!$E:$E),"OS concluída")} -> OS concluída | J62: =IF(G62="","",IF(I62="OS concluída","",$D$1-G62)) | L62: =IF(N62="","",IFERROR(N62-G62,"NÃO APLICÁVEL")) | N62: =IFERROR(_xlfn.XLOOKUP($B62,Empresa!G:G,Empresa!K:K),"") | P62: =IFERROR(_xlfn.XLOOKUP($F62,'Vee one'!F:F,'Vee one'!O:O),"") | Q62: =IFERROR(_xlfn.XLOOKUP($F62,'Vee one'!F:F,'Vee one'!K:K),"")
A63: 59 | B63: 3040252189 | C63: {=IFERROR(_xlfn.XLOOKUP($B63,'Histórico'!$B:$B,'Histórico'!$I:$I),"")} -> 9910338-6 | D63: {=IFERROR(_xlfn.XLOOKUP($B63,'Histórico'!$B:$B,'Histórico'!$J:$J),"")} -> 71379 | E63: {=IFERROR(_xlfn.XLOOKUP($B63,'Histórico'!$B:$B,'Histórico'!$K:$K),"")} -> TRANSMITTER,RATE OF FLOW | F63: {=IFERROR(_xlfn.XLOOKUP($B63,'Histórico'!$B:$B,'Histórico'!$L:$L),"")} -> AAT5599 | G63: {=IFERROR(_xlfn.XLOOKUP($B63,'Histórico'!$B:$B,'Histórico'!$F:$F),"")} -> 22/04/2025 | H63: {=IFERROR(_xlfn.XLOOKUP($B63,'Histórico'!$B:$B,'Histórico'!$AA:$AA),"")} -> ALA 8 | I63: {=IFERROR(_xlfn.XLOOKUP($B63,Atual!$B:$B,Atual!$E:$E),"OS concluída")} -> OS concluída | J63: =IF(G63="","",IF(I63="OS concluída","",$D$1-G63)) | L63: =IF(N63="","",IFERROR(N63-G63,"NÃO APLICÁVEL")) | N63: =IFERROR(_xlfn.XLOOKUP($B63,Empresa!G:G,Empresa!K:K),"") | P63: =IFERROR(_xlfn.XLOOKUP($F63,'Vee one'!F:F,'Vee one'!O:O),"") | Q63: =IFERROR(_xlfn.XLOOKUP($F63,'Vee one'!F:F,'Vee one'!K:K),"")
A64: 60 | B64: 3040252190 | C64: {=IFERROR(_xlfn.XLOOKUP($B64,'Histórico'!$B:$B,'Histórico'!$I:$I),"")} -> 9910338-6 | D64: {=IFERROR(_xlfn.XLOOKUP($B64,'Histórico'!$B:$B,'Histórico'!$J:$J),"")} -> 71379 | E64: {=IFERROR(_xlfn.XLOOKUP($B64,'Histórico'!$B:$B,'Histórico'!$K:$K),"")} -> TRANSMITTER,RATE OF FLOW | F64: {=IFERROR(_xlfn.XLOOKUP($B64,'Histórico'!$B:$B,'Histórico'!$L:$L),"")} -> AAE3882 | G64: {=IFERROR(_xlfn.XLOOKUP($B64,'Histórico'!$B:$B,'Histórico'!$F:$F),"")} -> 22/04/2025 | H64: {=IFERROR(_xlfn.XLOOKUP($B64,'Histórico'!$B:$B,'Histórico'!$AA:$AA),"")} -> BABR | I64: {=IFERROR(_xlfn.XLOOKUP($B64,Atual!$B:$B,Atual!$E:$E),"OS concluída")} -> OS concluída | J64: =IF(G64="","",IF(I64="OS concluída","",$D$1-G64)) | L64: =IF(N64="","",IFERROR(N64-G64,"NÃO APLICÁVEL")) | N64: =IFERROR(_xlfn.XLOOKUP($B64,Empresa!G:G,Empresa!K:K),"") | P64: =IFERROR(_xlfn.XLOOKUP($F64,'Vee one'!F:F,'Vee one'!O:O),"") | Q64: =IFERROR(_xlfn.XLOOKUP($F64,'Vee one'!F:F,'Vee one'!K:K),"")
A65: 61 | B65: 3040252160 | C65: {=IFERROR(_xlfn.XLOOKUP($B65,'Histórico'!$B:$B,'Histórico'!$I:$I),"")} -> 011-01020-10 | D65: {=IFERROR(_xlfn.XLOOKUP($B65,'Histórico'!$B:$B,'Histórico'!$J:$J),"")} -> 0TRC3 | E65: {=IFERROR(_xlfn.XLOOKUP($B65,'Histórico'!$B:$B,'Histórico'!$K:$K),"")} -> AFCS MODE CONTROLLER GMC 710 | F65: {=IFERROR(_xlfn.XLOOKUP($B65,'Histórico'!$B:$B,'Histórico'!$L:$L),"")} -> 22005920 | G65: {=IFERROR(_xlfn.XLOOKUP($B65,'Histórico'!$B:$B,'Histórico'!$F:$F),"")} -> 23/04/2025 | H65: {=IFERROR(_xlfn.XLOOKUP($B65,'Histórico'!$B:$B,'Histórico'!$AA:$AA),"")} -> BAMN | I65: {=IFERROR(_xlfn.XLOOKUP($B65,Atual!$B:$B,Atual!$E:$E),"OS concluída")} -> OS concluída | J65: =IF(G65="","",IF(I65="OS concluída","",$D$1-G65)) | L65: =IF(N65="","",IFERROR(N65-G65,"NÃO APLICÁVEL")) | N65: =IFERROR(_xlfn.XLOOKUP($B65,Empresa!G:G,Empresa!K:K),"") | P65: =IFERROR(_xlfn.XLOOKUP($F65,'Vee one'!F:F,'Vee one'!O:O),"") | Q65: =IFERROR(_xlfn.XLOOKUP($F65,'Vee one'!F:F,'Vee one'!K:K),"")
A66: 62 | B66: 3040252939 | C66: {=IFERROR(_xlfn.XLOOKUP($B66,'Histórico'!$B:$B,'Histórico'!$I:$I),"")} -> C163030-1001 | D66: {=IFERROR(_xlfn.XLOOKUP($B66,'Histórico'!$B:$B,'Histórico'!$J:$J),"")} -> 7EK50 | E66: {=IFERROR(_xlfn.XLOOKUP($B66,'Histórico'!$B:$B,'Histórico'!$K:$K),"")} -> MAIN W BRAKE A | F66: {=IFERROR(_xlfn.XLOOKUP($B66,'Histórico'!$B:$B,'Histórico'!$L:$L),"")} -> 1882C | G66: {=IFERROR(_xlfn.XLOOKUP($B66,'Histórico'!$B:$B,'Histórico'!$F:$F),"")} -> 22/05/2025 | H66: {=IFERROR(_xlfn.XLOOKUP($B66,'Histórico'!$B:$B,'Histórico'!$AA:$AA),"")} -> BABV | I66: {=IFERROR(_xlfn.XLOOKUP($B66,Atual!$B:$B,Atual!$E:$E),"OS concluída")} -> REC | J66: =IF(G66="","",IF(I66="OS concluída","",$D$1-G66)) -> 511 | L66: =IF(N66="","",IFERROR(N66-G66,"NÃO APLICÁVEL")) -> 293 | N66: {=IFERROR(_xlfn.XLOOKUP($B66,EMPRESA_1!A:A,EMPRESA_1!J:J),"")} -> 46092 | O66: {=IFERROR(_xlfn.XLOOKUP(B66,EMPRESA_1!A:A,EMPRESA_1!K:K),"")} -> BAMN | P66: {=IFERROR(_xlfn.XLOOKUP(B66,EMPRESA_1!A:A,EMPRESA_1!L:L),"")} -> 176/FAB/26 | Q66: {=IFERROR(_xlfn.XLOOKUP(B66,EMPRESA_1!A:A,EMPRESA_1!J:J),"")} -> 46092 | R66: {=IFERROR(_xlfn.XLOOKUP(B66,EMPRESA_1!A:A,EMPRESA_1!M:M),"")} | T66: {=IFERROR(_xlfn.XLOOKUP($F66,'Acerto virtual'!$E:$E,'Acerto virtual'!F:F),"")} -> 045/2026 | U66: {=IFERROR(_xlfn.XLOOKUP($F66,'Acerto virtual'!$E:$E,'Acerto virtual'!G:G),"")} -> 17/03 | V66: {=IFERROR(_xlfn.XLOOKUP($F66,'Acerto virtual'!$E:$E,'Acerto virtual'!H:H),"")} -> 18/03 | W66: {=IFERROR(_xlfn.XLOOKUP($F66,'Acerto virtual'!$E:$E,'Acerto virtual'!I:I),"")} -> 23/03 | X66: {=IFERROR(_xlfn.XLOOKUP($F66,'Acerto virtual'!$E:$E,'Acerto virtual'!J:J),"")} | Y66: {=IFERROR(_xlfn.XLOOKUP($F66,'Acerto virtual'!$E:$E,'Acerto virtual'!K:K),"")} | Z66: {=IFERROR(_xlfn.XLOOKUP($F66,'Acerto virtual'!$E:$E,'Acerto virtual'!L:L),"")} | AA66: {=IFERROR(_xlfn.XLOOKUP($F66,'Acerto virtual'!$E:$E,'Acerto virtual'!M:M),"")} | AB66: {=IFERROR(_xlfn.XLOOKUP($F66,'Acerto virtual'!$E:$E,'Acerto virtual'!N:N),"")} | AC66: {=IFERROR(_xlfn.XLOOKUP($F66,'Acerto virtual'!$E:$E,'Acerto virtual'!O:O),"")} | AD66: {=IFERROR(_xlfn.XLOOKUP($F66,'Acerto virtual'!$E:$E,'Acerto virtual'!P:P),"")} | AE66: {=IFERROR(_xlfn.XLOOKUP($F66,'Acerto virtual'!$E:$E,'Acerto virtual'!Q:Q),"")} | AF66: {=IFERROR(_xlfn.XLOOKUP($F66,'Acerto virtual'!$E:$E,'Acerto virtual'!R:R),"")} | AG66: {=IFERROR(_xlfn.XLOOKUP($F66,'Acerto virtual'!$E:$E,'Acerto virtual'!S:S),"")} | AH66: {=IFERROR(_xlfn.XLOOKUP($F66,'Acerto virtual'!$E:$E,'Acerto virtual'!T:T),"")} | AI66: {=IFERROR(_xlfn.XLOOKUP($F66,'Acerto virtual'!$E:$E,'Acerto virtual'!U:U),"")}
A67: 63 | B67: 3040252936 | C67: {=IFERROR(_xlfn.XLOOKUP($B67,'Histórico'!$B:$B,'Histórico'!$I:$I),"")} -> 030-18200 | D67: {=IFERROR(_xlfn.XLOOKUP($B67,'Histórico'!$B:$B,'Histórico'!$J:$J),"")} -> 33269 | E67: {=IFERROR(_xlfn.XLOOKUP($B67,'Histórico'!$B:$B,'Histórico'!$K:$K),"")} -> MAIN WHEEL BRAKE | F67: {=IFERROR(_xlfn.XLOOKUP($B67,'Histórico'!$B:$B,'Histórico'!$L:$L),"")} -> 02 | G67: {=IFERROR(_xlfn.XLOOKUP($B67,'Histórico'!$B:$B,'Histórico'!$F:$F),"")} -> 22/05/2025 | H67: {=IFERROR(_xlfn.XLOOKUP($B67,'Histórico'!$B:$B,'Histórico'!$AA:$AA),"")} -> BACO | I67: {=IFERROR(_xlfn.XLOOKUP($B67,Atual!$B:$B,Atual!$E:$E),"OS concluída")} -> REC | J67: =IF(G67="","",IF(I67="OS concluída","",$D$1-G67)) -> 511 | L67: =IF(N67="","",IFERROR(N67-G67,"NÃO APLICÁVEL")) -> 320 | N67: {=IFERROR(_xlfn.XLOOKUP($B67,EMPRESA_1!A:A,EMPRESA_1!J:J),"")} -> 46119 | O67: {=IFERROR(_xlfn.XLOOKUP(B67,EMPRESA_1!A:A,EMPRESA_1!K:K),"")} -> PAMA-LS | P67: {=IFERROR(_xlfn.XLOOKUP(B67,EMPRESA_1!A:A,EMPRESA_1!L:L),"")} -> 133/FAB/25 | Q67: {=IFERROR(_xlfn.XLOOKUP(B67,EMPRESA_1!A:A,EMPRESA_1!J:J),"")} -> 46119 | R67: {=IFERROR(_xlfn.XLOOKUP(B67,EMPRESA_1!A:A,EMPRESA_1!M:M),"")} | T67: {=IFERROR(_xlfn.XLOOKUP($F67,'Acerto virtual'!$E:$E,'Acerto virtual'!F:F),"")} | U67: {=IFERROR(_xlfn.XLOOKUP($F67,'Acerto virtual'!$E:$E,'Acerto virtual'!G:G),"")} | V67: {=IFERROR(_xlfn.XLOOKUP($F67,'Acerto virtual'!$E:$E,'Acerto virtual'!H:H),"")} | W67: {=IFERROR(_xlfn.XLOOKUP($F67,'Acerto virtual'!$E:$E,'Acerto virtual'!I:I),"")} | X67: {=IFERROR(_xlfn.XLOOKUP($F67,'Acerto virtual'!$E:$E,'Acerto virtual'!J:J),"")} | Y67: {=IFERROR(_xlfn.XLOOKUP($F67,'Acerto virtual'!$E:$E,'Acerto virtual'!K:K),"")} | Z67: {=IFERROR(_xlfn.XLOOKUP($F67,'Acerto virtual'!$E:$E,'Acerto virtual'!L:L),"")} | AA67: {=IFERROR(_xlfn.XLOOKUP($F67,'Acerto virtual'!$E:$E,'Acerto virtual'!M:M),"")} | AB67: {=IFERROR(_xlfn.XLOOKUP($F67,'Acerto virtual'!$E:$E,'Acerto virtual'!N:N),"")} | AC67: {=IFERROR(_xlfn.XLOOKUP($F67,'Acerto virtual'!$E:$E,'Acerto virtual'!O:O),"")} | AD67: {=IFERROR(_xlfn.XLOOKUP($F67,'Acerto virtual'!$E:$E,'Acerto virtual'!P:P),"")} | AE67: {=IFERROR(_xlfn.XLOOKUP($F67,'Acerto virtual'!$E:$E,'Acerto virtual'!Q:Q),"")} | AF67: {=IFERROR(_xlfn.XLOOKUP($F67,'Acerto virtual'!$E:$E,'Acerto virtual'!R:R),"")} | AG67: {=IFERROR(_xlfn.XLOOKUP($F67,'Acerto virtual'!$E:$E,'Acerto virtual'!S:S),"")} | AH67: {=IFERROR(_xlfn.XLOOKUP($F67,'Acerto virtual'!$E:$E,'Acerto virtual'!T:T),"")} | AI67: {=IFERROR(_xlfn.XLOOKUP($F67,'Acerto virtual'!$E:$E,'Acerto virtual'!U:U),"")}
A68: 64 | B68: 3040252935 | C68: {=IFERROR(_xlfn.XLOOKUP($B68,'Histórico'!$B:$B,'Histórico'!$I:$I),"")} -> 030-18200 | D68: {=IFERROR(_xlfn.XLOOKUP($B68,'Histórico'!$B:$B,'Histórico'!$J:$J),"")} -> 33269 | E68: {=IFERROR(_xlfn.XLOOKUP($B68,'Histórico'!$B:$B,'Histórico'!$K:$K),"")} -> MAIN WHEEL BRAKE | F68: {=IFERROR(_xlfn.XLOOKUP($B68,'Histórico'!$B:$B,'Histórico'!$L:$L),"")} -> 323 | G68: {=IFERROR(_xlfn.XLOOKUP($B68,'Histórico'!$B:$B,'Histórico'!$F:$F),"")} -> 22/05/2025 | H68: {=IFERROR(_xlfn.XLOOKUP($B68,'Histórico'!$B:$B,'Histórico'!$AA:$AA),"")} -> BAMN | I68: {=IFERROR(_xlfn.XLOOKUP($B68,Atual!$B:$B,Atual!$E:$E),"OS concluída")} -> OS concluída | J68: =IF(G68="","",IF(I68="OS concluída","",$D$1-G68)) | L68: =IF(N68="","",IFERROR(N68-G68,"NÃO APLICÁVEL")) | N68: =IFERROR(_xlfn.XLOOKUP($B68,Empresa!G:G,Empresa!K:K),"") | P68: =IFERROR(_xlfn.XLOOKUP($F68,'Vee one'!F:F,'Vee one'!O:O),"") | Q68: =IFERROR(_xlfn.XLOOKUP($F68,'Vee one'!F:F,'Vee one'!K:K),"")
A69: 65 | B69: 3040252940 | C69: {=IFERROR(_xlfn.XLOOKUP($B69,'Histórico'!$B:$B,'Histórico'!$I:$I),"")} -> 30-182 | D69: {=IFERROR(_xlfn.XLOOKUP($B69,'Histórico'!$B:$B,'Histórico'!$J:$J),"")} -> 33269 | E69: {=IFERROR(_xlfn.XLOOKUP($B69,'Histórico'!$B:$B,'Histórico'!$K:$K),"")} -> MAIN WHEEL BRAKE | F69: {=IFERROR(_xlfn.XLOOKUP($B69,'Histórico'!$B:$B,'Histórico'!$L:$L),"")} -> 297 | G69: {=IFERROR(_xlfn.XLOOKUP($B69,'Histórico'!$B:$B,'Histórico'!$F:$F),"")} -> 22/05/2025 | H69: {=IFERROR(_xlfn.XLOOKUP($B69,'Histórico'!$B:$B,'Histórico'!$AA:$AA),"")} -> BABV | I69: {=IFERROR(_xlfn.XLOOKUP($B69,Atual!$B:$B,Atual!$E:$E),"OS concluída")} -> OS concluída | J69: =IF(G69="","",IF(I69="OS concluída","",$D$1-G69)) | L69: =IF(N69="","",IFERROR(N69-G69,"NÃO APLICÁVEL")) | N69: =IFERROR(_xlfn.XLOOKUP($B69,Empresa!G:G,Empresa!K:K),"") | P69: =IFERROR(_xlfn.XLOOKUP($F69,'Vee one'!F:F,'Vee one'!O:O),"") | Q69: =IFERROR(_xlfn.XLOOKUP($F69,'Vee one'!F:F,'Vee one'!K:K),"")
A70: 66 | B70: 3040252942 | C70: {=IFERROR(_xlfn.XLOOKUP($B70,'Histórico'!$B:$B,'Histórico'!$I:$I),"")} -> 30-182 | D70: {=IFERROR(_xlfn.XLOOKUP($B70,'Histórico'!$B:$B,'Histórico'!$J:$J),"")} -> 33269 | E70: {=IFERROR(_xlfn.XLOOKUP($B70,'Histórico'!$B:$B,'Histórico'!$K:$K),"")} -> MAIN WHEEL BRAKE | F70: {=IFERROR(_xlfn.XLOOKUP($B70,'Histórico'!$B:$B,'Histórico'!$L:$L),"")} -> 144 | G70: {=IFERROR(_xlfn.XLOOKUP($B70,'Histórico'!$B:$B,'Histórico'!$F:$F),"")} -> 22/05/2025 | H70: {=IFERROR(_xlfn.XLOOKUP($B70,'Histórico'!$B:$B,'Histórico'!$AA:$AA),"")} -> BAMN | I70: {=IFERROR(_xlfn.XLOOKUP($B70,Atual!$B:$B,Atual!$E:$E),"OS concluída")} -> OS concluída | J70: =IF(G70="","",IF(I70="OS concluída","",$D$1-G70)) | L70: =IF(N70="","",IFERROR(N70-G70,"NÃO APLICÁVEL")) | N70: =IFERROR(_xlfn.XLOOKUP($B70,Empresa!G:G,Empresa!K:K),"") | P70: =IFERROR(_xlfn.XLOOKUP($F70,'Vee one'!F:F,'Vee one'!O:O),"") | Q70: =IFERROR(_xlfn.XLOOKUP($F70,'Vee one'!F:F,'Vee one'!K:K),"")
A71: 67 | B71: 3040252943 | C71: {=IFERROR(_xlfn.XLOOKUP($B71,'Histórico'!$B:$B,'Histórico'!$I:$I),"")} -> 30-182 | D71: {=IFERROR(_xlfn.XLOOKUP($B71,'Histórico'!$B:$B,'Histórico'!$J:$J),"")} -> 33269 | E71: {=IFERROR(_xlfn.XLOOKUP($B71,'Histórico'!$B:$B,'Histórico'!$K:$K),"")} -> MAIN WHEEL BRAKE | F71: {=IFERROR(_xlfn.XLOOKUP($B71,'Histórico'!$B:$B,'Histórico'!$L:$L),"")} -> 324 | G71: {=IFERROR(_xlfn.XLOOKUP($B71,'Histórico'!$B:$B,'Histórico'!$F:$F),"")} -> 22/05/2025 | H71: {=IFERROR(_xlfn.XLOOKUP($B71,'Histórico'!$B:$B,'Histórico'!$AA:$AA),"")} -> BAMN | I71: {=IFERROR(_xlfn.XLOOKUP($B71,Atual!$B:$B,Atual!$E:$E),"OS concluída")} -> OS concluída | J71: =IF(G71="","",IF(I71="OS concluída","",$D$1-G71)) | L71: =IF(N71="","",IFERROR(N71-G71,"NÃO APLICÁVEL")) | N71: =IFERROR(_xlfn.XLOOKUP($B71,Empresa!G:G,Empresa!K:K),"") | P71: =IFERROR(_xlfn.XLOOKUP($F71,'Vee one'!F:F,'Vee one'!O:O),"") | Q71: =IFERROR(_xlfn.XLOOKUP($F71,'Vee one'!F:F,'Vee one'!K:K),"")
A72: 68 | B72: 3040253170 | C72: {=IFERROR(_xlfn.XLOOKUP($B72,'Histórico'!$B:$B,'Histórico'!$I:$I),"")} -> 161-12800 | D72: {=IFERROR(_xlfn.XLOOKUP($B72,'Histórico'!$B:$B,'Histórico'!$J:$J),"")} -> 71513 | E72: {=IFERROR(_xlfn.XLOOKUP($B72,'Histórico'!$B:$B,'Histórico'!$K:$K),"")} -> WHEEL HALF ASSY-INNER | F72: {=IFERROR(_xlfn.XLOOKUP($B72,'Histórico'!$B:$B,'Histórico'!$L:$L),"")} -> 475 | G72: {=IFERROR(_xlfn.XLOOKUP($B72,'Histórico'!$B:$B,'Histórico'!$F:$F),"")} -> 26/05/2025 | H72: {=IFERROR(_xlfn.XLOOKUP($B72,'Histórico'!$B:$B,'Histórico'!$AA:$AA),"")} -> BASM | I72: {=IFERROR(_xlfn.XLOOKUP($B72,Atual!$B:$B,Atual!$E:$E),"OS concluída")} -> OS concluída | J72: =IF(G72="","",IF(I72="OS concluída","",$D$1-G72)) | L72: =IF(N72="","",IFERROR(N72-G72,"NÃO APLICÁVEL")) | N72: =IFERROR(_xlfn.XLOOKUP($B72,Empresa!G:G,Empresa!K:K),"") | P72: =IFERROR(_xlfn.XLOOKUP($F72,'Vee one'!F:F,'Vee one'!O:O),"") | Q72: =IFERROR(_xlfn.XLOOKUP($F72,'Vee one'!F:F,'Vee one'!K:K),"")
A73: 69 | B73: 3040253168 | C73: {=IFERROR(_xlfn.XLOOKUP($B73,'Histórico'!$B:$B,'Histórico'!$I:$I),"")} -> 161-12800 | D73: {=IFERROR(_xlfn.XLOOKUP($B73,'Histórico'!$B:$B,'Histórico'!$J:$J),"")} -> 71513 | E73: {=IFERROR(_xlfn.XLOOKUP($B73,'Histórico'!$B:$B,'Histórico'!$K:$K),"")} -> WHEEL HALF ASSY-INNER | F73: {=IFERROR(_xlfn.XLOOKUP($B73,'Histórico'!$B:$B,'Histórico'!$L:$L),"")} -> 39 | G73: {=IFERROR(_xlfn.XLOOKUP($B73,'Histórico'!$B:$B,'Histórico'!$F:$F),"")} -> 26/05/2025 | H73: {=IFERROR(_xlfn.XLOOKUP($B73,'Histórico'!$B:$B,'Histórico'!$AA:$AA),"")} -> BASM | I73: {=IFERROR(_xlfn.XLOOKUP($B73,Atual!$B:$B,Atual!$E:$E),"OS concluída")} -> OS concluída | J73: =IF(G73="","",IF(I73="OS concluída","",$D$1-G73)) | L73: =IF(N73="","",IFERROR(N73-G73,"NÃO APLICÁVEL")) -> 429 | N73: {=IFERROR(_xlfn.XLOOKUP($B73,EMPRESA_1!A:A,EMPRESA_1!J:J),"")} -> 46232 | O73: {=IFERROR(_xlfn.XLOOKUP(B73,EMPRESA_1!A:A,EMPRESA_1!K:K),"")} -> PAMA-LS | P73: {=IFERROR(_xlfn.XLOOKUP(B73,EMPRESA_1!A:A,EMPRESA_1!L:L),"")} -> 598/FAB/26 | Q73: {=IFERROR(_xlfn.XLOOKUP(B73,EMPRESA_1!A:A,EMPRESA_1!J:J),"")} -> 46232 | R73: {=IFERROR(_xlfn.XLOOKUP(B73,EMPRESA_1!A:A,EMPRESA_1!M:M),"")} | T73: {=IFERROR(_xlfn.XLOOKUP($F73,'Acerto virtual'!$E:$E,'Acerto virtual'!F:F),"")} | U73: {=IFERROR(_xlfn.XLOOKUP($F73,'Acerto virtual'!$E:$E,'Acerto virtual'!G:G),"")} | V73: {=IFERROR(_xlfn.XLOOKUP($F73,'Acerto virtual'!$E:$E,'Acerto virtual'!H:H),"")} | W73: {=IFERROR(_xlfn.XLOOKUP($F73,'Acerto virtual'!$E:$E,'Acerto virtual'!I:I),"")} | X73: {=IFERROR(_xlfn.XLOOKUP($F73,'Acerto virtual'!$E:$E,'Acerto virtual'!J:J),"")} | Y73: {=IFERROR(_xlfn.XLOOKUP($F73,'Acerto virtual'!$E:$E,'Acerto virtual'!K:K),"")} | Z73: {=IFERROR(_xlfn.XLOOKUP($F73,'Acerto virtual'!$E:$E,'Acerto virtual'!L:L),"")} | AA73: {=IFERROR(_xlfn.XLOOKUP($F73,'Acerto virtual'!$E:$E,'Acerto virtual'!M:M),"")} | AB73: {=IFERROR(_xlfn.XLOOKUP($F73,'Acerto virtual'!$E:$E,'Acerto virtual'!N:N),"")} | AC73: {=IFERROR(_xlfn.XLOOKUP($F73,'Acerto virtual'!$E:$E,'Acerto virtual'!O:O),"")} | AD73: {=IFERROR(_xlfn.XLOOKUP($F73,'Acerto virtual'!$E:$E,'Acerto virtual'!P:P),"")} | AE73: {=IFERROR(_xlfn.XLOOKUP($F73,'Acerto virtual'!$E:$E,'Acerto virtual'!Q:Q),"")} | AF73: {=IFERROR(_xlfn.XLOOKUP($F73,'Acerto virtual'!$E:$E,'Acerto virtual'!R:R),"")} | AG73: {=IFERROR(_xlfn.XLOOKUP($F73,'Acerto virtual'!$E:$E,'Acerto virtual'!S:S),"")} | AH73: {=IFERROR(_xlfn.XLOOKUP($F73,'Acerto virtual'!$E:$E,'Acerto virtual'!T:T),"")} | AI73: {=IFERROR(_xlfn.XLOOKUP($F73,'Acerto virtual'!$E:$E,'Acerto virtual'!U:U),"")}
A74: 70 | B74: 3040253172 | C74: {=IFERROR(_xlfn.XLOOKUP($B74,'Histórico'!$B:$B,'Histórico'!$I:$I),"")} -> 161-12800 | D74: {=IFERROR(_xlfn.XLOOKUP($B74,'Histórico'!$B:$B,'Histórico'!$J:$J),"")} -> 71513 | E74: {=IFERROR(_xlfn.XLOOKUP($B74,'Histórico'!$B:$B,'Histórico'!$K:$K),"")} -> WHEEL HALF ASSY-INNER | F74: {=IFERROR(_xlfn.XLOOKUP($B74,'Histórico'!$B:$B,'Histórico'!$L:$L),"")} -> UNK01 | G74: {=IFERROR(_xlfn.XLOOKUP($B74,'Histórico'!$B:$B,'Histórico'!$F:$F),"")} -> 26/05/2025 | H74: {=IFERROR(_xlfn.XLOOKUP($B74,'Histórico'!$B:$B,'Histórico'!$AA:$AA),"")} -> PAMALS | I74: {=IFERROR(_xlfn.XLOOKUP($B74,Atual!$B:$B,Atual!$E:$E),"OS concluída")} -> REC | J74: =IF(G74="","",IF(I74="OS concluída","",$D$1-G74)) -> 507 | L74: =IF(N74="","",IFERROR(N74-G74,"NÃO APLICÁVEL")) -> 429 | N74: {=IFERROR(_xlfn.XLOOKUP($B74,EMPRESA_1!A:A,EMPRESA_1!J:J),"")} -> 46232 | O74: {=IFERROR(_xlfn.XLOOKUP(B74,EMPRESA_1!A:A,EMPRESA_1!K:K),"")} -> PAMA-LS | P74: {=IFERROR(_xlfn.XLOOKUP(B74,EMPRESA_1!A:A,EMPRESA_1!L:L),"")} -> 598/FAB/26 | Q74: {=IFERROR(_xlfn.XLOOKUP(B74,EMPRESA_1!A:A,EMPRESA_1!J:J),"")} -> 46232 | R74: {=IFERROR(_xlfn.XLOOKUP(B74,EMPRESA_1!A:A,EMPRESA_1!M:M),"")} | T74: {=IFERROR(_xlfn.XLOOKUP($F74,'Acerto virtual'!$E:$E,'Acerto virtual'!F:F),"")} | U74: {=IFERROR(_xlfn.XLOOKUP($F74,'Acerto virtual'!$E:$E,'Acerto virtual'!G:G),"")} | V74: {=IFERROR(_xlfn.XLOOKUP($F74,'Acerto virtual'!$E:$E,'Acerto virtual'!H:H),"")} | W74: {=IFERROR(_xlfn.XLOOKUP($F74,'Acerto virtual'!$E:$E,'Acerto virtual'!I:I),"")} | X74: {=IFERROR(_xlfn.XLOOKUP($F74,'Acerto virtual'!$E:$E,'Acerto virtual'!J:J),"")} | Y74: {=IFERROR(_xlfn.XLOOKUP($F74,'Acerto virtual'!$E:$E,'Acerto virtual'!K:K),"")} | Z74: {=IFERROR(_xlfn.XLOOKUP($F74,'Acerto virtual'!$E:$E,'Acerto virtual'!L:L),"")} | AA74: {=IFERROR(_xlfn.XLOOKUP($F74,'Acerto virtual'!$E:$E,'Acerto virtual'!M:M),"")} | AB74: {=IFERROR(_xlfn.XLOOKUP($F74,'Acerto virtual'!$E:$E,'Acerto virtual'!N:N),"")} | AC74: {=IFERROR(_xlfn.XLOOKUP($F74,'Acerto virtual'!$E:$E,'Acerto virtual'!O:O),"")} | AD74: {=IFERROR(_xlfn.XLOOKUP($F74,'Acerto virtual'!$E:$E,'Acerto virtual'!P:P),"")} | AE74: {=IFERROR(_xlfn.XLOOKUP($F74,'Acerto virtual'!$E:$E,'Acerto virtual'!Q:Q),"")} | AF74: {=IFERROR(_xlfn.XLOOKUP($F74,'Acerto virtual'!$E:$E,'Acerto virtual'!R:R),"")} | AG74: {=IFERROR(_xlfn.XLOOKUP($F74,'Acerto virtual'!$E:$E,'Acerto virtual'!S:S),"")} | AH74: {=IFERROR(_xlfn.XLOOKUP($F74,'Acerto virtual'!$E:$E,'Acerto virtual'!T:T),"")} | AI74: {=IFERROR(_xlfn.XLOOKUP($F74,'Acerto virtual'!$E:$E,'Acerto virtual'!U:U),"")}
A75: 71 | B75: 3040253174 | C75: {=IFERROR(_xlfn.XLOOKUP($B75,'Histórico'!$B:$B,'Histórico'!$I:$I),"")} -> 161-12800 | D75: {=IFERROR(_xlfn.XLOOKUP($B75,'Histórico'!$B:$B,'Histórico'!$J:$J),"")} -> 71513 | E75: {=IFERROR(_xlfn.XLOOKUP($B75,'Histórico'!$B:$B,'Histórico'!$K:$K),"")} -> WHEEL HALF ASSY-INNER | F75: {=IFERROR(_xlfn.XLOOKUP($B75,'Histórico'!$B:$B,'Histórico'!$L:$L),"")} -> 278 | G75: {=IFERROR(_xlfn.XLOOKUP($B75,'Histórico'!$B:$B,'Histórico'!$F:$F),"")} -> 26/05/2025 | H75: {=IFERROR(_xlfn.XLOOKUP($B75,'Histórico'!$B:$B,'Histórico'!$AA:$AA),"")} -> PAMALS | I75: {=IFERROR(_xlfn.XLOOKUP($B75,Atual!$B:$B,Atual!$E:$E),"OS concluída")} -> OS concluída | J75: =IF(G75="","",IF(I75="OS concluída","",$D$1-G75)) | L75: =IF(N75="","",IFERROR(N75-G75,"NÃO APLICÁVEL")) | N75: {=IFERROR(_xlfn.XLOOKUP($B75,Empresa!G:G,Empresa!K:K),"")} | P75: {=IFERROR(_xlfn.XLOOKUP($F75,'Vee one'!F:F,'Vee one'!O:O),"")} | Q75: {=IFERROR(_xlfn.XLOOKUP($F75,'Vee one'!F:F,'Vee one'!K:K),"")}
A76: 72 | B76: 3040253173 | C76: {=IFERROR(_xlfn.XLOOKUP($B76,'Histórico'!$B:$B,'Histórico'!$I:$I),"")} -> 161-12800 | D76: {=IFERROR(_xlfn.XLOOKUP($B76,'Histórico'!$B:$B,'Histórico'!$J:$J),"")} -> 71513 | E76: {=IFERROR(_xlfn.XLOOKUP($B76,'Histórico'!$B:$B,'Histórico'!$K:$K),"")} -> WHEEL HALF ASSY-INNER | F76: {=IFERROR(_xlfn.XLOOKUP($B76,'Histórico'!$B:$B,'Histórico'!$L:$L),"")} -> 967 | G76: {=IFERROR(_xlfn.XLOOKUP($B76,'Histórico'!$B:$B,'Histórico'!$F:$F),"")} -> 26/05/2025 | H76: {=IFERROR(_xlfn.XLOOKUP($B76,'Histórico'!$B:$B,'Histórico'!$AA:$AA),"")} -> PAMALS | I76: {=IFERROR(_xlfn.XLOOKUP($B76,Atual!$B:$B,Atual!$E:$E),"OS concluída")} -> REC | J76: =IF(G76="","",IF(I76="OS concluída","",$D$1-G76)) -> 507 | L76: =IF(N76="","",IFERROR(N76-G76,"NÃO APLICÁVEL")) -> NÃO APLICÁVEL | N76: {=IFERROR(_xlfn.XLOOKUP($B76,EMPRESA_1!A:A,EMPRESA_1!J:J),"")} -> EM REPARO | O76: {=IFERROR(_xlfn.XLOOKUP(B76,EMPRESA_1!A:A,EMPRESA_1!K:K),"")} -> LEAP | P76: {=IFERROR(_xlfn.XLOOKUP(B76,EMPRESA_1!A:A,EMPRESA_1!L:L),"")} | Q76: {=IFERROR(_xlfn.XLOOKUP(B76,EMPRESA_1!A:A,EMPRESA_1!J:J),"")} -> EM REPARO | R76: {=IFERROR(_xlfn.XLOOKUP(B76,EMPRESA_1!A:A,EMPRESA_1!M:M),"")} | T76: {=IFERROR(_xlfn.XLOOKUP($F76,'Acerto virtual'!$E:$E,'Acerto virtual'!F:F),"")} | U76: {=IFERROR(_xlfn.XLOOKUP($F76,'Acerto virtual'!$E:$E,'Acerto virtual'!G:G),"")} | V76: {=IFERROR(_xlfn.XLOOKUP($F76,'Acerto virtual'!$E:$E,'Acerto virtual'!H:H),"")} | W76: {=IFERROR(_xlfn.XLOOKUP($F76,'Acerto virtual'!$E:$E,'Acerto virtual'!I:I),"")} | X76: {=IFERROR(_xlfn.XLOOKUP($F76,'Acerto virtual'!$E:$E,'Acerto virtual'!J:J),"")} | Y76: {=IFERROR(_xlfn.XLOOKUP($F76,'Acerto virtual'!$E:$E,'Acerto virtual'!K:K),"")} | Z76: {=IFERROR(_xlfn.XLOOKUP($F76,'Acerto virtual'!$E:$E,'Acerto virtual'!L:L),"")} | AA76: {=IFERROR(_xlfn.XLOOKUP($F76,'Acerto virtual'!$E:$E,'Acerto virtual'!M:M),"")} | AB76: {=IFERROR(_xlfn.XLOOKUP($F76,'Acerto virtual'!$E:$E,'Acerto virtual'!N:N),"")} | AC76: {=IFERROR(_xlfn.XLOOKUP($F76,'Acerto virtual'!$E:$E,'Acerto virtual'!O:O),"")} | AD76: {=IFERROR(_xlfn.XLOOKUP($F76,'Acerto virtual'!$E:$E,'Acerto virtual'!P:P),"")} | AE76: {=IFERROR(_xlfn.XLOOKUP($F76,'Acerto virtual'!$E:$E,'Acerto virtual'!Q:Q),"")} | AF76: {=IFERROR(_xlfn.XLOOKUP($F76,'Acerto virtual'!$E:$E,'Acerto virtual'!R:R),"")} | AG76: {=IFERROR(_xlfn.XLOOKUP($F76,'Acerto virtual'!$E:$E,'Acerto virtual'!S:S),"")} | AH76: {=IFERROR(_xlfn.XLOOKUP($F76,'Acerto virtual'!$E:$E,'Acerto virtual'!T:T),"")} | AI76: {=IFERROR(_xlfn.XLOOKUP($F76,'Acerto virtual'!$E:$E,'Acerto virtual'!U:U),"")}
A77: 73 | B77: 3040253176 | C77: {=IFERROR(_xlfn.XLOOKUP($B77,'Histórico'!$B:$B,'Histórico'!$I:$I),"")} -> 162-10700 | D77: {=IFERROR(_xlfn.XLOOKUP($B77,'Histórico'!$B:$B,'Histórico'!$J:$J),"")} -> 71513 | E77: {=IFERROR(_xlfn.XLOOKUP($B77,'Histórico'!$B:$B,'Histórico'!$K:$K),"")} -> OUTER WHEEL HALF ASSY | F77: {=IFERROR(_xlfn.XLOOKUP($B77,'Histórico'!$B:$B,'Histórico'!$L:$L),"")} -> 278 | G77: {=IFERROR(_xlfn.XLOOKUP($B77,'Histórico'!$B:$B,'Histórico'!$F:$F),"")} -> 26/05/2025 | H77: {=IFERROR(_xlfn.XLOOKUP($B77,'Histórico'!$B:$B,'Histórico'!$AA:$AA),"")} -> BABE | I77: {=IFERROR(_xlfn.XLOOKUP($B77,Atual!$B:$B,Atual!$E:$E),"OS concluída")} -> OS concluída | J77: =IF(G77="","",IF(I77="OS concluída","",$D$1-G77)) | L77: =IF(N77="","",IFERROR(N77-G77,"NÃO APLICÁVEL")) | N77: {=IFERROR(_xlfn.XLOOKUP($B77,Empresa!G:G,Empresa!K:K),"")} | P77: {=IFERROR(_xlfn.XLOOKUP($F77,'Vee one'!F:F,'Vee one'!O:O),"")} | Q77: {=IFERROR(_xlfn.XLOOKUP($F77,'Vee one'!F:F,'Vee one'!K:K),"")}
A78: 74 | B78: 3040253177 | C78: {=IFERROR(_xlfn.XLOOKUP($B78,'Histórico'!$B:$B,'Histórico'!$I:$I),"")} -> 162-10700 | D78: {=IFERROR(_xlfn.XLOOKUP($B78,'Histórico'!$B:$B,'Histórico'!$J:$J),"")} -> 71513 | E78: {=IFERROR(_xlfn.XLOOKUP($B78,'Histórico'!$B:$B,'Histórico'!$K:$K),"")} -> OUTER WHEEL HALF ASSY | F78: {=IFERROR(_xlfn.XLOOKUP($B78,'Histórico'!$B:$B,'Histórico'!$L:$L),"")} -> 772 | G78: {=IFERROR(_xlfn.XLOOKUP($B78,'Histórico'!$B:$B,'Histórico'!$F:$F),"")} -> 26/05/2025 | H78: {=IFERROR(_xlfn.XLOOKUP($B78,'Histórico'!$B:$B,'Histórico'!$AA:$AA),"")} -> BABV | I78: {=IFERROR(_xlfn.XLOOKUP($B78,Atual!$B:$B,Atual!$E:$E),"OS concluída")} -> OS concluída | J78: =IF(G78="","",IF(I78="OS concluída","",$D$1-G78)) | L78: =IF(N78="","",IFERROR(N78-G78,"NÃO APLICÁVEL")) -> 429 | N78: {=IFERROR(_xlfn.XLOOKUP($B78,EMPRESA_1!A:A,EMPRESA_1!J:J),"")} -> 46232 | O78: {=IFERROR(_xlfn.XLOOKUP(B78,EMPRESA_1!A:A,EMPRESA_1!K:K),"")} -> PAMA-LS | P78: {=IFERROR(_xlfn.XLOOKUP(B78,EMPRESA_1!A:A,EMPRESA_1!L:L),"")} -> 598/FAB/26 | Q78: {=IFERROR(_xlfn.XLOOKUP(B78,EMPRESA_1!A:A,EMPRESA_1!J:J),"")} -> 46232 | R78: {=IFERROR(_xlfn.XLOOKUP(B78,EMPRESA_1!A:A,EMPRESA_1!M:M),"")} | T78: {=IFERROR(_xlfn.XLOOKUP($F78,'Acerto virtual'!$E:$E,'Acerto virtual'!F:F),"")} | U78: {=IFERROR(_xlfn.XLOOKUP($F78,'Acerto virtual'!$E:$E,'Acerto virtual'!G:G),"")} | V78: {=IFERROR(_xlfn.XLOOKUP($F78,'Acerto virtual'!$E:$E,'Acerto virtual'!H:H),"")} | W78: {=IFERROR(_xlfn.XLOOKUP($F78,'Acerto virtual'!$E:$E,'Acerto virtual'!I:I),"")} | X78: {=IFERROR(_xlfn.XLOOKUP($F78,'Acerto virtual'!$E:$E,'Acerto virtual'!J:J),"")} | Y78: {=IFERROR(_xlfn.XLOOKUP($F78,'Acerto virtual'!$E:$E,'Acerto virtual'!K:K),"")} | Z78: {=IFERROR(_xlfn.XLOOKUP($F78,'Acerto virtual'!$E:$E,'Acerto virtual'!L:L),"")} | AA78: {=IFERROR(_xlfn.XLOOKUP($F78,'Acerto virtual'!$E:$E,'Acerto virtual'!M:M),"")} | AB78: {=IFERROR(_xlfn.XLOOKUP($F78,'Acerto virtual'!$E:$E,'Acerto virtual'!N:N),"")} | AC78: {=IFERROR(_xlfn.XLOOKUP($F78,'Acerto virtual'!$E:$E,'Acerto virtual'!O:O),"")} | AD78: {=IFERROR(_xlfn.XLOOKUP($F78,'Acerto virtual'!$E:$E,'Acerto virtual'!P:P),"")} | AE78: {=IFERROR(_xlfn.XLOOKUP($F78,'Acerto virtual'!$E:$E,'Acerto virtual'!Q:Q),"")} | AF78: {=IFERROR(_xlfn.XLOOKUP($F78,'Acerto virtual'!$E:$E,'Acerto virtual'!R:R),"")} | AG78: {=IFERROR(_xlfn.XLOOKUP($F78,'Acerto virtual'!$E:$E,'Acerto virtual'!S:S),"")} | AH78: {=IFERROR(_xlfn.XLOOKUP($F78,'Acerto virtual'!$E:$E,'Acerto virtual'!T:T),"")} | AI78: {=IFERROR(_xlfn.XLOOKUP($F78,'Acerto virtual'!$E:$E,'Acerto virtual'!U:U),"")}
A79: 75 | B79: 3040253178 | C79: {=IFERROR(_xlfn.XLOOKUP($B79,'Histórico'!$B:$B,'Histórico'!$I:$I),"")} -> 162-10700 | D79: {=IFERROR(_xlfn.XLOOKUP($B79,'Histórico'!$B:$B,'Histórico'!$J:$J),"")} -> 71513 | E79: {=IFERROR(_xlfn.XLOOKUP($B79,'Histórico'!$B:$B,'Histórico'!$K:$K),"")} -> OUTER WHEEL HALF ASSY | F79: {=IFERROR(_xlfn.XLOOKUP($B79,'Histórico'!$B:$B,'Histórico'!$L:$L),"")} -> 49 | G79: {=IFERROR(_xlfn.XLOOKUP($B79,'Histórico'!$B:$B,'Histórico'!$F:$F),"")} -> 26/05/2025 | H79: {=IFERROR(_xlfn.XLOOKUP($B79,'Histórico'!$B:$B,'Histórico'!$AA:$AA),"")} -> PAMALS | I79: {=IFERROR(_xlfn.XLOOKUP($B79,Atual!$B:$B,Atual!$E:$E),"OS concluída")} -> REC | J79: =IF(G79="","",IF(I79="OS concluída","",$D$1-G79)) -> 507 | L79: =IF(N79="","",IFERROR(N79-G79,"NÃO APLICÁVEL")) | N79: {=IFERROR(_xlfn.XLOOKUP($B79,EMPRESA_1!A:A,EMPRESA_1!J:J),"")} | O79: {=IFERROR(_xlfn.XLOOKUP(B79,EMPRESA_1!A:A,EMPRESA_1!K:K),"")} -> PROCURANDO | P79: {=IFERROR(_xlfn.XLOOKUP(B79,EMPRESA_1!A:A,EMPRESA_1!L:L),"")} | Q79: {=IFERROR(_xlfn.XLOOKUP(B79,EMPRESA_1!A:A,EMPRESA_1!J:J),"")} | R79: {=IFERROR(_xlfn.XLOOKUP(B79,EMPRESA_1!A:A,EMPRESA_1!M:M),"")} | T79: {=IFERROR(_xlfn.XLOOKUP($F79,'Acerto virtual'!$E:$E,'Acerto virtual'!F:F),"")} | U79: {=IFERROR(_xlfn.XLOOKUP($F79,'Acerto virtual'!$E:$E,'Acerto virtual'!G:G),"")} | V79: {=IFERROR(_xlfn.XLOOKUP($F79,'Acerto virtual'!$E:$E,'Acerto virtual'!H:H),"")} | W79: {=IFERROR(_xlfn.XLOOKUP($F79,'Acerto virtual'!$E:$E,'Acerto virtual'!I:I),"")} | X79: {=IFERROR(_xlfn.XLOOKUP($F79,'Acerto virtual'!$E:$E,'Acerto virtual'!J:J),"")} | Y79: {=IFERROR(_xlfn.XLOOKUP($F79,'Acerto virtual'!$E:$E,'Acerto virtual'!K:K),"")} | Z79: {=IFERROR(_xlfn.XLOOKUP($F79,'Acerto virtual'!$E:$E,'Acerto virtual'!L:L),"")} | AA79: {=IFERROR(_xlfn.XLOOKUP($F79,'Acerto virtual'!$E:$E,'Acerto virtual'!M:M),"")} | AB79: {=IFERROR(_xlfn.XLOOKUP($F79,'Acerto virtual'!$E:$E,'Acerto virtual'!N:N),"")} | AC79: {=IFERROR(_xlfn.XLOOKUP($F79,'Acerto virtual'!$E:$E,'Acerto virtual'!O:O),"")} | AD79: {=IFERROR(_xlfn.XLOOKUP($F79,'Acerto virtual'!$E:$E,'Acerto virtual'!P:P),"")} | AE79: {=IFERROR(_xlfn.XLOOKUP($F79,'Acerto virtual'!$E:$E,'Acerto virtual'!Q:Q),"")} | AF79: {=IFERROR(_xlfn.XLOOKUP($F79,'Acerto virtual'!$E:$E,'Acerto virtual'!R:R),"")} | AG79: {=IFERROR(_xlfn.XLOOKUP($F79,'Acerto virtual'!$E:$E,'Acerto virtual'!S:S),"")} | AH79: {=IFERROR(_xlfn.XLOOKUP($F79,'Acerto virtual'!$E:$E,'Acerto virtual'!T:T),"")} | AI79: {=IFERROR(_xlfn.XLOOKUP($F79,'Acerto virtual'!$E:$E,'Acerto virtual'!U:U),"")}
A80: 76 | B80: 3040253179 | C80: {=IFERROR(_xlfn.XLOOKUP($B80,'Histórico'!$B:$B,'Histórico'!$I:$I),"")} -> 162-11800 | D80: {=IFERROR(_xlfn.XLOOKUP($B80,'Histórico'!$B:$B,'Histórico'!$J:$J),"")} -> 33269 | E80: {=IFERROR(_xlfn.XLOOKUP($B80,'Histórico'!$B:$B,'Histórico'!$K:$K),"")} -> WHEEL HALF ASSY-OUTER | F80: {=IFERROR(_xlfn.XLOOKUP($B80,'Histórico'!$B:$B,'Histórico'!$L:$L),"")} -> 01 | G80: {=IFERROR(_xlfn.XLOOKUP($B80,'Histórico'!$B:$B,'Histórico'!$F:$F),"")} -> 26/05/2025 | H80: {=IFERROR(_xlfn.XLOOKUP($B80,'Histórico'!$B:$B,'Histórico'!$AA:$AA),"")} -> CLA | I80: {=IFERROR(_xlfn.XLOOKUP($B80,Atual!$B:$B,Atual!$E:$E),"OS concluída")} -> OS concluída | J80: =IF(G80="","",IF(I80="OS concluída","",$D$1-G80)) | L80: =IF(N80="","",IFERROR(N80-G80,"NÃO APLICÁVEL")) | N80: =IFERROR(_xlfn.XLOOKUP($B80,Empresa!G:G,Empresa!K:K),"") | P80: =IFERROR(_xlfn.XLOOKUP($F80,'Vee one'!F:F,'Vee one'!O:O),"") | Q80: =IFERROR(_xlfn.XLOOKUP($F80,'Vee one'!F:F,'Vee one'!K:K),"")
A81: 77 | B81: 3040253181 | C81: {=IFERROR(_xlfn.XLOOKUP($B81,'Histórico'!$B:$B,'Histórico'!$I:$I),"")} -> 162-11800 | D81: {=IFERROR(_xlfn.XLOOKUP($B81,'Histórico'!$B:$B,'Histórico'!$J:$J),"")} -> 33269 | E81: {=IFERROR(_xlfn.XLOOKUP($B81,'Histórico'!$B:$B,'Histórico'!$K:$K),"")} -> WHEEL HALF ASSY-OUTER | F81: {=IFERROR(_xlfn.XLOOKUP($B81,'Histórico'!$B:$B,'Histórico'!$L:$L),"")} -> 289 | G81: {=IFERROR(_xlfn.XLOOKUP($B81,'Histórico'!$B:$B,'Histórico'!$F:$F),"")} -> 26/05/2025 | H81: {=IFERROR(_xlfn.XLOOKUP($B81,'Histórico'!$B:$B,'Histórico'!$AA:$AA),"")} -> PAMALS | I81: {=IFERROR(_xlfn.XLOOKUP($B81,Atual!$B:$B,Atual!$E:$E),"OS concluída")} -> OS concluída | J81: =IF(G81="","",IF(I81="OS concluída","",$D$1-G81)) | L81: =IF(N81="","",IFERROR(N81-G81,"NÃO APLICÁVEL")) | N81: =IFERROR(_xlfn.XLOOKUP($B81,Empresa!G:G,Empresa!K:K),"") | P81: =IFERROR(_xlfn.XLOOKUP($F81,'Vee one'!F:F,'Vee one'!O:O),"") | Q81: =IFERROR(_xlfn.XLOOKUP($F81,'Vee one'!F:F,'Vee one'!K:K),"")
A82: 78 | B82: 3040253180 | C82: {=IFERROR(_xlfn.XLOOKUP($B82,'Histórico'!$B:$B,'Histórico'!$I:$I),"")} -> 162-11800 | D82: {=IFERROR(_xlfn.XLOOKUP($B82,'Histórico'!$B:$B,'Histórico'!$J:$J),"")} -> 33269 | E82: {=IFERROR(_xlfn.XLOOKUP($B82,'Histórico'!$B:$B,'Histórico'!$K:$K),"")} -> WHEEL HALF ASSY-OUTER | F82: {=IFERROR(_xlfn.XLOOKUP($B82,'Histórico'!$B:$B,'Histórico'!$L:$L),"")} -> 32 | G82: {=IFERROR(_xlfn.XLOOKUP($B82,'Histórico'!$B:$B,'Histórico'!$F:$F),"")} -> 26/05/2025 | H82: {=IFERROR(_xlfn.XLOOKUP($B82,'Histórico'!$B:$B,'Histórico'!$AA:$AA),"")} -> BASM | I82: {=IFERROR(_xlfn.XLOOKUP($B82,Atual!$B:$B,Atual!$E:$E),"OS concluída")} -> REC | J82: =IF(G82="","",IF(I82="OS concluída","",$D$1-G82)) -> 507 | L82: =IF(N82="","",IFERROR(N82-G82,"NÃO APLICÁVEL")) | N82: {=IFERROR(_xlfn.XLOOKUP($B82,EMPRESA_1!A:A,EMPRESA_1!J:J),"")} | O82: {=IFERROR(_xlfn.XLOOKUP(B82,EMPRESA_1!A:A,EMPRESA_1!K:K),"")} -> PROCURANDO | P82: {=IFERROR(_xlfn.XLOOKUP(B82,EMPRESA_1!A:A,EMPRESA_1!L:L),"")} | Q82: {=IFERROR(_xlfn.XLOOKUP(B82,EMPRESA_1!A:A,EMPRESA_1!J:J),"")} | R82: {=IFERROR(_xlfn.XLOOKUP(B82,EMPRESA_1!A:A,EMPRESA_1!M:M),"")} | T82: {=IFERROR(_xlfn.XLOOKUP($F82,'Acerto virtual'!$E:$E,'Acerto virtual'!F:F),"")} | U82: {=IFERROR(_xlfn.XLOOKUP($F82,'Acerto virtual'!$E:$E,'Acerto virtual'!G:G),"")} | V82: {=IFERROR(_xlfn.XLOOKUP($F82,'Acerto virtual'!$E:$E,'Acerto virtual'!H:H),"")} | W82: {=IFERROR(_xlfn.XLOOKUP($F82,'Acerto virtual'!$E:$E,'Acerto virtual'!I:I),"")} | X82: {=IFERROR(_xlfn.XLOOKUP($F82,'Acerto virtual'!$E:$E,'Acerto virtual'!J:J),"")} | Y82: {=IFERROR(_xlfn.XLOOKUP($F82,'Acerto virtual'!$E:$E,'Acerto virtual'!K:K),"")} | Z82: {=IFERROR(_xlfn.XLOOKUP($F82,'Acerto virtual'!$E:$E,'Acerto virtual'!L:L),"")} | AA82: {=IFERROR(_xlfn.XLOOKUP($F82,'Acerto virtual'!$E:$E,'Acerto virtual'!M:M),"")} | AB82: {=IFERROR(_xlfn.XLOOKUP($F82,'Acerto virtual'!$E:$E,'Acerto virtual'!N:N),"")} | AC82: {=IFERROR(_xlfn.XLOOKUP($F82,'Acerto virtual'!$E:$E,'Acerto virtual'!O:O),"")} | AD82: {=IFERROR(_xlfn.XLOOKUP($F82,'Acerto virtual'!$E:$E,'Acerto virtual'!P:P),"")} | AE82: {=IFERROR(_xlfn.XLOOKUP($F82,'Acerto virtual'!$E:$E,'Acerto virtual'!Q:Q),"")} | AF82: {=IFERROR(_xlfn.XLOOKUP($F82,'Acerto virtual'!$E:$E,'Acerto virtual'!R:R),"")} | AG82: {=IFERROR(_xlfn.XLOOKUP($F82,'Acerto virtual'!$E:$E,'Acerto virtual'!S:S),"")} | AH82: {=IFERROR(_xlfn.XLOOKUP($F82,'Acerto virtual'!$E:$E,'Acerto virtual'!T:T),"")} | AI82: {=IFERROR(_xlfn.XLOOKUP($F82,'Acerto virtual'!$E:$E,'Acerto virtual'!U:U),"")}
A83: 79 | B83: 3040253182 | C83: {=IFERROR(_xlfn.XLOOKUP($B83,'Histórico'!$B:$B,'Histórico'!$I:$I),"")} -> 162-11800 | D83: {=IFERROR(_xlfn.XLOOKUP($B83,'Histórico'!$B:$B,'Histórico'!$J:$J),"")} -> 33269 | E83: {=IFERROR(_xlfn.XLOOKUP($B83,'Histórico'!$B:$B,'Histórico'!$K:$K),"")} -> WHEEL HALF ASSY-OUTER | F83: {=IFERROR(_xlfn.XLOOKUP($B83,'Histórico'!$B:$B,'Histórico'!$L:$L),"")} -> 969 | G83: {=IFERROR(_xlfn.XLOOKUP($B83,'Histórico'!$B:$B,'Histórico'!$F:$F),"")} -> 26/05/2025 | H83: {=IFERROR(_xlfn.XLOOKUP($B83,'Histórico'!$B:$B,'Histórico'!$AA:$AA),"")} -> PAMALS | I83: {=IFERROR(_xlfn.XLOOKUP($B83,Atual!$B:$B,Atual!$E:$E),"OS concluída")} -> OS concluída | J83: =IF(G83="","",IF(I83="OS concluída","",$D$1-G83)) | L83: =IF(N83="","",IFERROR(N83-G83,"NÃO APLICÁVEL")) -> 429 | N83: {=IFERROR(_xlfn.XLOOKUP($B83,EMPRESA_1!A:A,EMPRESA_1!J:J),"")} -> 46232 | O83: {=IFERROR(_xlfn.XLOOKUP(B83,EMPRESA_1!A:A,EMPRESA_1!K:K),"")} -> PAMA-LS | P83: {=IFERROR(_xlfn.XLOOKUP(B83,EMPRESA_1!A:A,EMPRESA_1!L:L),"")} -> 598/FAB/26 | Q83: {=IFERROR(_xlfn.XLOOKUP(B83,EMPRESA_1!A:A,EMPRESA_1!J:J),"")} -> 46232 | R83: {=IFERROR(_xlfn.XLOOKUP(B83,EMPRESA_1!A:A,EMPRESA_1!M:M),"")} | T83: {=IFERROR(_xlfn.XLOOKUP($F83,'Acerto virtual'!$E:$E,'Acerto virtual'!F:F),"")} | U83: {=IFERROR(_xlfn.XLOOKUP($F83,'Acerto virtual'!$E:$E,'Acerto virtual'!G:G),"")} | V83: {=IFERROR(_xlfn.XLOOKUP($F83,'Acerto virtual'!$E:$E,'Acerto virtual'!H:H),"")} | W83: {=IFERROR(_xlfn.XLOOKUP($F83,'Acerto virtual'!$E:$E,'Acerto virtual'!I:I),"")} | X83: {=IFERROR(_xlfn.XLOOKUP($F83,'Acerto virtual'!$E:$E,'Acerto virtual'!J:J),"")} | Y83: {=IFERROR(_xlfn.XLOOKUP($F83,'Acerto virtual'!$E:$E,'Acerto virtual'!K:K),"")} | Z83: {=IFERROR(_xlfn.XLOOKUP($F83,'Acerto virtual'!$E:$E,'Acerto virtual'!L:L),"")} | AA83: {=IFERROR(_xlfn.XLOOKUP($F83,'Acerto virtual'!$E:$E,'Acerto virtual'!M:M),"")} | AB83: {=IFERROR(_xlfn.XLOOKUP($F83,'Acerto virtual'!$E:$E,'Acerto virtual'!N:N),"")} | AC83: {=IFERROR(_xlfn.XLOOKUP($F83,'Acerto virtual'!$E:$E,'Acerto virtual'!O:O),"")} | AD83: {=IFERROR(_xlfn.XLOOKUP($F83,'Acerto virtual'!$E:$E,'Acerto virtual'!P:P),"")} | AE83: {=IFERROR(_xlfn.XLOOKUP($F83,'Acerto virtual'!$E:$E,'Acerto virtual'!Q:Q),"")} | AF83: {=IFERROR(_xlfn.XLOOKUP($F83,'Acerto virtual'!$E:$E,'Acerto virtual'!R:R),"")} | AG83: {=IFERROR(_xlfn.XLOOKUP($F83,'Acerto virtual'!$E:$E,'Acerto virtual'!S:S),"")} | AH83: {=IFERROR(_xlfn.XLOOKUP($F83,'Acerto virtual'!$E:$E,'Acerto virtual'!T:T),"")} | AI83: {=IFERROR(_xlfn.XLOOKUP($F83,'Acerto virtual'!$E:$E,'Acerto virtual'!U:U),"")}
A84: 80 | B84: 3040253536 | C84: {=IFERROR(_xlfn.XLOOKUP($B84,'Histórico'!$B:$B,'Histórico'!$I:$I),"")} -> 2641012-14 | D84: {=IFERROR(_xlfn.XLOOKUP($B84,'Histórico'!$B:$B,'Histórico'!$J:$J),"")} -> 7EK50 | E84: {=IFERROR(_xlfn.XLOOKUP($B84,'Histórico'!$B:$B,'Histórico'!$K:$K),"")} -> TRUNNION ASSY-RH-MAIN GEAR | F84: {=IFERROR(_xlfn.XLOOKUP($B84,'Histórico'!$B:$B,'Histórico'!$L:$L),"")} -> 1311 | G84: {=IFERROR(_xlfn.XLOOKUP($B84,'Histórico'!$B:$B,'Histórico'!$F:$F),"")} -> 05/06/2025 | H84: {=IFERROR(_xlfn.XLOOKUP($B84,'Histórico'!$B:$B,'Histórico'!$AA:$AA),"")} -> PAMALS | I84: {=IFERROR(_xlfn.XLOOKUP($B84,Atual!$B:$B,Atual!$E:$E),"OS concluída")} -> OS concluída | J84: =IF(G84="","",IF(I84="OS concluída","",$D$1-G84)) | L84: =IF(N84="","",IFERROR(N84-G84,"NÃO APLICÁVEL")) | N84: {=IFERROR(_xlfn.XLOOKUP($B84,Empresa!G:G,Empresa!K:K),"")} | P84: {=IFERROR(_xlfn.XLOOKUP($F84,'Vee one'!F:F,'Vee one'!O:O),"")} | Q84: {=IFERROR(_xlfn.XLOOKUP($F84,'Vee one'!F:F,'Vee one'!K:K),"")}
A85: 81 | B85: 3040253529 | C85: {=IFERROR(_xlfn.XLOOKUP($B85,'Histórico'!$B:$B,'Histórico'!$I:$I),"")} -> 066-03064-0005 | D85: {=IFERROR(_xlfn.XLOOKUP($B85,'Histórico'!$B:$B,'Histórico'!$J:$J),"")} -> 22373 | E85: {=IFERROR(_xlfn.XLOOKUP($B85,'Histórico'!$B:$B,'Histórico'!$K:$K),"")} -> ALTIMETER,SERVO CONTROLLED,AUTOMATIC PRESSURE | F85: {=IFERROR(_xlfn.XLOOKUP($B85,'Histórico'!$B:$B,'Histórico'!$L:$L),"")} -> 3945 | G85: {=IFERROR(_xlfn.XLOOKUP($B85,'Histórico'!$B:$B,'Histórico'!$F:$F),"")} -> 05/06/2025 | H85: {=IFERROR(_xlfn.XLOOKUP($B85,'Histórico'!$B:$B,'Histórico'!$AA:$AA),"")} -> DSM-MN | I85: {=IFERROR(_xlfn.XLOOKUP($B85,Atual!$B:$B,Atual!$E:$E),"OS concluída")} -> REC | J85: =IF(G85="","",IF(I85="OS concluída","",$D$1-G85)) -> 497 | L85: =IF(N85="","",IFERROR(N85-G85,"NÃO APLICÁVEL")) -> NÃO APLICÁVEL | N85: {=IFERROR(_xlfn.XLOOKUP($B85,EMPRESA_1!A:A,EMPRESA_1!J:J),"")} -> DEVOLViDO NO ESTADO | O85: {=IFERROR(_xlfn.XLOOKUP(B85,EMPRESA_1!A:A,EMPRESA_1!K:K),"")} -> WILLIAM | P85: {=IFERROR(_xlfn.XLOOKUP(B85,EMPRESA_1!A:A,EMPRESA_1!L:L),"")} | Q85: {=IFERROR(_xlfn.XLOOKUP(B85,EMPRESA_1!A:A,EMPRESA_1!J:J),"")} -> DEVOLViDO NO ESTADO | R85: {=IFERROR(_xlfn.XLOOKUP(B85,EMPRESA_1!A:A,EMPRESA_1!M:M),"")} | T85: {=IFERROR(_xlfn.XLOOKUP($F85,'Acerto virtual'!$E:$E,'Acerto virtual'!F:F),"")} | U85: {=IFERROR(_xlfn.XLOOKUP($F85,'Acerto virtual'!$E:$E,'Acerto virtual'!G:G),"")} | V85: {=IFERROR(_xlfn.XLOOKUP($F85,'Acerto virtual'!$E:$E,'Acerto virtual'!H:H),"")} | W85: {=IFERROR(_xlfn.XLOOKUP($F85,'Acerto virtual'!$E:$E,'Acerto virtual'!I:I),"")} | X85: {=IFERROR(_xlfn.XLOOKUP($F85,'Acerto virtual'!$E:$E,'Acerto virtual'!J:J),"")} | Y85: {=IFERROR(_xlfn.XLOOKUP($F85,'Acerto virtual'!$E:$E,'Acerto virtual'!K:K),"")} | Z85: {=IFERROR(_xlfn.XLOOKUP($F85,'Acerto virtual'!$E:$E,'Acerto virtual'!L:L),"")} | AA85: {=IFERROR(_xlfn.XLOOKUP($F85,'Acerto virtual'!$E:$E,'Acerto virtual'!M:M),"")} | AB85: {=IFERROR(_xlfn.XLOOKUP($F85,'Acerto virtual'!$E:$E,'Acerto virtual'!N:N),"")} | AC85: {=IFERROR(_xlfn.XLOOKUP($F85,'Acerto virtual'!$E:$E,'Acerto virtual'!O:O),"")} | AD85: {=IFERROR(_xlfn.XLOOKUP($F85,'Acerto virtual'!$E:$E,'Acerto virtual'!P:P),"")} | AE85: {=IFERROR(_xlfn.XLOOKUP($F85,'Acerto virtual'!$E:$E,'Acerto virtual'!Q:Q),"")} | AF85: {=IFERROR(_xlfn.XLOOKUP($F85,'Acerto virtual'!$E:$E,'Acerto virtual'!R:R),"")} | AG85: {=IFERROR(_xlfn.XLOOKUP($F85,'Acerto virtual'!$E:$E,'Acerto virtual'!S:S),"")} | AH85: {=IFERROR(_xlfn.XLOOKUP($F85,'Acerto virtual'!$E:$E,'Acerto virtual'!T:T),"")} | AI85: {=IFERROR(_xlfn.XLOOKUP($F85,'Acerto virtual'!$E:$E,'Acerto virtual'!U:U),"")}
A86: 82 | B86: 3040253528 | C86: {=IFERROR(_xlfn.XLOOKUP($B86,'Histórico'!$B:$B,'Histórico'!$I:$I),"")} -> 066-03064-0005 | D86: {=IFERROR(_xlfn.XLOOKUP($B86,'Histórico'!$B:$B,'Histórico'!$J:$J),"")} -> 22373 | E86: {=IFERROR(_xlfn.XLOOKUP($B86,'Histórico'!$B:$B,'Histórico'!$K:$K),"")} -> ALTIMETER,SERVO CONTROLLED,AUTOMATIC PRESSURE | F86: {=IFERROR(_xlfn.XLOOKUP($B86,'Histórico'!$B:$B,'Histórico'!$L:$L),"")} -> 35378 | G86: {=IFERROR(_xlfn.XLOOKUP($B86,'Histórico'!$B:$B,'Histórico'!$F:$F),"")} -> 05/06/2025 | H86: {=IFERROR(_xlfn.XLOOKUP($B86,'Histórico'!$B:$B,'Histórico'!$AA:$AA),"")} -> BANT | I86: {=IFERROR(_xlfn.XLOOKUP($B86,Atual!$B:$B,Atual!$E:$E),"OS concluída")} -> OS concluída | J86: =IF(G86="","",IF(I86="OS concluída","",$D$1-G86)) | L86: =IF(N86="","",IFERROR(N86-G86,"NÃO APLICÁVEL")) | N86: {=IFERROR(_xlfn.XLOOKUP($B86,Empresa!G:G,Empresa!K:K),"")} | P86: {=IFERROR(_xlfn.XLOOKUP($F86,'Vee one'!F:F,'Vee one'!O:O),"")} | Q86: {=IFERROR(_xlfn.XLOOKUP($F86,'Vee one'!F:F,'Vee one'!K:K),"")}
